diagram,ƒ¢MI,ƒ¢MI,ƒ¢MI,ƒ¢MI,ƒ¢MI,ƒ¢MI,ƒ¢MI,ƒ¢MI,ƒ¢MI,ƒ¢MI,ƒ¢MI,ƒ¢MI,ƒ¢MI,ƒ¢MI,ƒ¢MI,ƒ¢MI,ƒ¢MI,ƒ¢MI,ƒ¢MI,ƒ¢MI,ƒ¢MI,ƒ¢MI,ƒ¢MI,ƒ¢MI,ƒ¢MI,ƒ¢MI,ƒ¢MI,ƒ¢MI,ƒ¢MI,ƒ¢MI,ƒ¢MI,ƒ¢MI,ƒ¢MI,ƒ¢MI,ƒ¢MI,ƒ¢MI,ƒ¢MI,ƒ¢MI,ƒ¢MI,ƒ¢MI,ƒ¢MI,ƒ¢MI,ƒ¢MI,ƒ¢MI,ƒ¢MI,ƒ¢MI,ƒ¢MI,ƒ¢MI,ƒ¢MI,ƒ¢MI,ƒ¢MI,ƒ¢MI,ƒ¢MI,ƒ¢MI,ƒ¢MI,ƒ¢MI,ƒ¢MI,ƒ¢MI,ƒ¢MI,ƒ¢MI,ƒ¢MI,ƒ¢MI,ƒ¢MI,ƒ¢MI,ƒ¢MI,ƒ¢MI,ƒ¢MI,ƒ¢MI,ƒ¢MI,ƒ¢MI,ƒ¢MI,ƒ¢MI,ƒ¢MI,ƒ¢MI,ƒ¢MI,ƒ¢MI,ƒ¢MI,ƒ¢MI,ƒ¢MI,ƒ¢MI,ƒ¢MI,ƒ¢MI,ƒ¢MI,ƒ¢MI,ƒ¢MI,ƒ¢MI,ƒ¢MI,ƒ¢MI,ƒ¢MI,ƒ¢MI,ƒ¢MI,ƒ¢MI,ƒ¢MI,ƒ¢MI,ƒ¢MI,ƒ¢MI,ƒ¢MI,ƒ¢MI,ƒ¢MI,ƒ¢MI
A,0.007345842,0.007039263,0.00725608,0.006663826,0.007641958,0.007194769,0.007672617,0.007981244,0.00786156,0.006375613,0.007453398,0.006462403,0.008257086,0.007945211,0.007669764,0.007213126,0.009104048,0.008131335,0.006147902,0.007609032,0.007580192,0.00800512,0.007953435,0.007006649,0.006968963,0.00849881,0.008079772,0.007255051,0.006904341,0.006943693,0.007075973,0.006964794,0.006451803,0.007548194,0.007854427,0.006908305,0.007500314,0.007866248,0.008075847,0.007861947,0.007573027,0.009082986,0.007233444,0.007969857,0.006914168,0.007647491,0.007773829,0.007288038,0.007320109,0.007311707,0.007723432,0.007075501,0.007119567,0.006807091,0.008448129,0.007687096,0.008222256,0.006878997,0.006645005,0.007599435,0.007941239,0.00756666,0.006951666,0.008006775,0.005852587,0.007844771,0.007399454,0.007707892,0.008435843,0.008474111,0.006178378,0.007667485,0.006526017,0.008782009,0.006113114,0.008689639,0.006533439,0.007356939,0.006907406,0.008785406,0.005362342,0.007755832,0.006831327,0.007100559,0.007900069,0.009084127,0.007187661,0.007121834,0.008627466,0.007740961,0.007013108,0.007889326,0.007586239,0.007163357,0.007501846,0.007818601,0.008269131,0.007494142,0.007894294,0.006015862
A,0.007345842,0.007039263,0.00725608,0.006663826,0.007641958,0.007194769,0.007672617,0.007981244,0.00786156,0.006375613,0.007453398,0.006462403,0.008257086,0.007945211,0.007669764,0.007213126,0.009104048,0.008131335,0.006147902,0.007609032,0.007580192,0.00800512,0.007953435,0.007006649,0.006968963,0.00849881,0.008079772,0.007255051,0.006904341,0.006943693,0.007075973,0.006964794,0.006451803,0.007548194,0.007854427,0.006908305,0.007500314,0.007866248,0.008075847,0.007861947,0.007573027,0.009082986,0.007233444,0.007969857,0.006914168,0.007647491,0.007773829,0.007288038,0.007320109,0.007311707,0.007723432,0.007075501,0.007119567,0.006807091,0.008448129,0.007687096,0.008222256,0.006878997,0.006645005,0.007599435,0.007941239,0.00756666,0.006951666,0.008006775,0.005852587,0.007844771,0.007399454,0.007707892,0.008435843,0.008474111,0.006178378,0.007667485,0.006526017,0.008782009,0.006113114,0.008689639,0.006533439,0.007356939,0.006907406,0.008785406,0.005362342,0.007755832,0.006831327,0.007100559,0.007900069,0.009084127,0.007187661,0.007121834,0.008627466,0.007740961,0.007013108,0.007889326,0.007586239,0.007163357,0.007501846,0.007818601,0.008269131,0.007494142,0.007894294,0.006015862
A,0.007345842,0.007039263,0.00725608,0.006663826,0.007641958,0.007194769,0.007672617,0.007981244,0.00786156,0.006375613,0.007453398,0.006462403,0.008257086,0.007945211,0.007669764,0.007213126,0.009104048,0.008131335,0.006147902,0.007609032,0.007580192,0.00800512,0.007953435,0.007006649,0.006968963,0.00849881,0.008079772,0.007255051,0.006904341,0.006943693,0.007075973,0.006964794,0.006451803,0.007548194,0.007854427,0.006908305,0.007500314,0.007866248,0.008075847,0.007861947,0.007573027,0.009082986,0.007233444,0.007969857,0.006914168,0.007647491,0.007773829,0.007288038,0.007320109,0.007311707,0.007723432,0.007075501,0.007119567,0.006807091,0.008448129,0.007687096,0.008222256,0.006878997,0.006645005,0.007599435,0.007941239,0.00756666,0.006951666,0.008006775,0.005852587,0.007844771,0.007399454,0.007707892,0.008435843,0.008474111,0.006178378,0.007667485,0.006526017,0.008782009,0.006113114,0.008689639,0.006533439,0.007356939,0.006907406,0.008785406,0.005362342,0.007755832,0.006831327,0.007100559,0.007900069,0.009084127,0.007187661,0.007121834,0.008627466,0.007740961,0.007013108,0.007889326,0.007586239,0.007163357,0.007501846,0.007818601,0.008269131,0.007494142,0.007894294,0.006015862
A,0.007345842,0.007039263,0.00725608,0.006663826,0.007641958,0.007194769,0.007672617,0.007981244,0.00786156,0.006375613,0.007453398,0.006462403,0.008257086,0.007945211,0.007669764,0.007213126,0.009104048,0.008131335,0.006147902,0.007609032,0.007580192,0.00800512,0.007953435,0.007006649,0.006968963,0.00849881,0.008079772,0.007255051,0.006904341,0.006943693,0.007075973,0.006964794,0.006451803,0.007548194,0.007854427,0.006908305,0.007500314,0.007866248,0.008075847,0.007861947,0.007573027,0.009082986,0.007233444,0.007969857,0.006914168,0.007647491,0.007773829,0.007288038,0.007320109,0.007311707,0.007723432,0.007075501,0.007119567,0.006807091,0.008448129,0.007687096,0.008222256,0.006878997,0.006645005,0.007599435,0.007941239,0.00756666,0.006951666,0.008006775,0.005852587,0.007844771,0.007399454,0.007707892,0.008435843,0.008474111,0.006178378,0.007667485,0.006526017,0.008782009,0.006113114,0.008689639,0.006533439,0.007356939,0.006907406,0.008785406,0.005362342,0.007755832,0.006831327,0.007100559,0.007900069,0.009084127,0.007187661,0.007121834,0.008627466,0.007740961,0.007013108,0.007889326,0.007586239,0.007163357,0.007501846,0.007818601,0.008269131,0.007494142,0.007894294,0.006015862
A,0.007345842,0.007039263,0.00725608,0.006663826,0.007641958,0.007194769,0.007672617,0.007981244,0.00786156,0.006375613,0.007453398,0.006462403,0.008257086,0.007945211,0.007669764,0.007213126,0.009104048,0.008131335,0.006147902,0.007609032,0.007580192,0.00800512,0.007953435,0.007006649,0.006968963,0.00849881,0.008079772,0.007255051,0.006904341,0.006943693,0.007075973,0.006964794,0.006451803,0.007548194,0.007854427,0.006908305,0.007500314,0.007866248,0.008075847,0.007861947,0.007573027,0.009082986,0.007233444,0.007969857,0.006914168,0.007647491,0.007773829,0.007288038,0.007320109,0.007311707,0.007723432,0.007075501,0.007119567,0.006807091,0.008448129,0.007687096,0.008222256,0.006878997,0.006645005,0.007599435,0.007941239,0.00756666,0.006951666,0.008006775,0.005852587,0.007844771,0.007399454,0.007707892,0.008435843,0.008474111,0.006178378,0.007667485,0.006526017,0.008782009,0.006113114,0.008689639,0.006533439,0.007356939,0.006907406,0.008785406,0.005362342,0.007755832,0.006831327,0.007100559,0.007900069,0.009084127,0.007187661,0.007121834,0.008627466,0.007740961,0.007013108,0.007889326,0.007586239,0.007163357,0.007501846,0.007818601,0.008269131,0.007494142,0.007894294,0.006015862
A,0.012530061,0.011589158,0.011914148,0.011174318,0.01194904,0.012361678,0.012609531,0.012951644,0.013436797,0.010433138,0.012556594,0.01112362,0.013658376,0.012949855,0.012255845,0.011961326,0.014613345,0.013011341,0.010397218,0.012666785,0.01215879,0.012873192,0.012729223,0.011640729,0.011576445,0.013241961,0.012908629,0.01195703,0.011793052,0.011693214,0.011549236,0.011641031,0.010812412,0.012557184,0.012956658,0.011944888,0.012333779,0.012598919,0.013346258,0.012711445,0.012418954,0.014103711,0.012342,0.013114236,0.011268301,0.011949777,0.012966818,0.011818649,0.011988377,0.011784097,0.012760748,0.011895423,0.011882813,0.01065627,0.013750215,0.012798461,0.013106025,0.01161861,0.01056925,0.012871808,0.013429037,0.01219911,0.011189988,0.012837024,0.009750391,0.012751218,0.011857027,0.012750985,0.013224976,0.013747757,0.009919056,0.012756521,0.011077336,0.014307179,0.009923598,0.013935053,0.011330831,0.011717563,0.0112897,0.014003921,0.009180706,0.012940336,0.011268875,0.012002875,0.012824445,0.014291757,0.012346681,0.011599896,0.013980642,0.012827706,0.011757441,0.012515998,0.012849877,0.01221443,0.012496085,0.012596664,0.013585831,0.01236835,0.013194838,0.009808351
A,0.012530061,0.011589158,0.011914148,0.011174318,0.01194904,0.012361678,0.012609531,0.012951644,0.013436797,0.010433138,0.012556594,0.01112362,0.013658376,0.012949855,0.012255845,0.011961326,0.014613345,0.013011341,0.010397218,0.012666785,0.01215879,0.012873192,0.012729223,0.011640729,0.011576445,0.013241961,0.012908629,0.01195703,0.011793052,0.011693214,0.011549236,0.011641031,0.010812412,0.012557184,0.012956658,0.011944888,0.012333779,0.012598919,0.013346258,0.012711445,0.012418954,0.014103711,0.012342,0.013114236,0.011268301,0.011949777,0.012966818,0.011818649,0.011988377,0.011784097,0.012760748,0.011895423,0.011882813,0.01065627,0.013750215,0.012798461,0.013106025,0.01161861,0.01056925,0.012871808,0.013429037,0.01219911,0.011189988,0.012837024,0.009750391,0.012751218,0.011857027,0.012750985,0.013224976,0.013747757,0.009919056,0.012756521,0.011077336,0.014307179,0.009923598,0.013935053,0.011330831,0.011717563,0.0112897,0.014003921,0.009180706,0.012940336,0.011268875,0.012002875,0.012824445,0.014291757,0.012346681,0.011599896,0.013980642,0.012827706,0.011757441,0.012515998,0.012849877,0.01221443,0.012496085,0.012596664,0.013585831,0.01236835,0.013194838,0.009808351
A,0.012530061,0.011589158,0.011914148,0.011174318,0.01194904,0.012361678,0.012609531,0.012951644,0.013436797,0.010433138,0.012556594,0.01112362,0.013658376,0.012949855,0.012255845,0.011961326,0.014613345,0.013011341,0.010397218,0.012666785,0.01215879,0.012873192,0.012729223,0.011640729,0.011576445,0.013241961,0.012908629,0.01195703,0.011793052,0.011693214,0.011549236,0.011641031,0.010812412,0.012557184,0.012956658,0.011944888,0.012333779,0.012598919,0.013346258,0.012711445,0.012418954,0.014103711,0.012342,0.013114236,0.011268301,0.011949777,0.012966818,0.011818649,0.011988377,0.011784097,0.012760748,0.011895423,0.011882813,0.01065627,0.013750215,0.012798461,0.013106025,0.01161861,0.01056925,0.012871808,0.013429037,0.01219911,0.011189988,0.012837024,0.009750391,0.012751218,0.011857027,0.012750985,0.013224976,0.013747757,0.009919056,0.012756521,0.011077336,0.014307179,0.009923598,0.013935053,0.011330831,0.011717563,0.0112897,0.014003921,0.009180706,0.012940336,0.011268875,0.012002875,0.012824445,0.014291757,0.012346681,0.011599896,0.013980642,0.012827706,0.011757441,0.012515998,0.012849877,0.01221443,0.012496085,0.012596664,0.013585831,0.01236835,0.013194838,0.009808351
A,0.012530061,0.011589158,0.011914148,0.011174318,0.01194904,0.012361678,0.012609531,0.012951644,0.013436797,0.010433138,0.012556594,0.01112362,0.013658376,0.012949855,0.012255845,0.011961326,0.014613345,0.013011341,0.010397218,0.012666785,0.01215879,0.012873192,0.012729223,0.011640729,0.011576445,0.013241961,0.012908629,0.01195703,0.011793052,0.011693214,0.011549236,0.011641031,0.010812412,0.012557184,0.012956658,0.011944888,0.012333779,0.012598919,0.013346258,0.012711445,0.012418954,0.014103711,0.012342,0.013114236,0.011268301,0.011949777,0.012966818,0.011818649,0.011988377,0.011784097,0.012760748,0.011895423,0.011882813,0.01065627,0.013750215,0.012798461,0.013106025,0.01161861,0.01056925,0.012871808,0.013429037,0.01219911,0.011189988,0.012837024,0.009750391,0.012751218,0.011857027,0.012750985,0.013224976,0.013747757,0.009919056,0.012756521,0.011077336,0.014307179,0.009923598,0.013935053,0.011330831,0.011717563,0.0112897,0.014003921,0.009180706,0.012940336,0.011268875,0.012002875,0.012824445,0.014291757,0.012346681,0.011599896,0.013980642,0.012827706,0.011757441,0.012515998,0.012849877,0.01221443,0.012496085,0.012596664,0.013585831,0.01236835,0.013194838,0.009808351
A,0.012530061,0.011589158,0.011914148,0.011174318,0.01194904,0.012361678,0.012609531,0.012951644,0.013436797,0.010433138,0.012556594,0.01112362,0.013658376,0.012949855,0.012255845,0.011961326,0.014613345,0.013011341,0.010397218,0.012666785,0.01215879,0.012873192,0.012729223,0.011640729,0.011576445,0.013241961,0.012908629,0.01195703,0.011793052,0.011693214,0.011549236,0.011641031,0.010812412,0.012557184,0.012956658,0.011944888,0.012333779,0.012598919,0.013346258,0.012711445,0.012418954,0.014103711,0.012342,0.013114236,0.011268301,0.011949777,0.012966818,0.011818649,0.011988377,0.011784097,0.012760748,0.011895423,0.011882813,0.01065627,0.013750215,0.012798461,0.013106025,0.01161861,0.01056925,0.012871808,0.013429037,0.01219911,0.011189988,0.012837024,0.009750391,0.012751218,0.011857027,0.012750985,0.013224976,0.013747757,0.009919056,0.012756521,0.011077336,0.014307179,0.009923598,0.013935053,0.011330831,0.011717563,0.0112897,0.014003921,0.009180706,0.012940336,0.011268875,0.012002875,0.012824445,0.014291757,0.012346681,0.011599896,0.013980642,0.012827706,0.011757441,0.012515998,0.012849877,0.01221443,0.012496085,0.012596664,0.013585831,0.01236835,0.013194838,0.009808351
A,0.022485577,0.019898535,0.021188952,0.019615309,0.019979512,0.022372086,0.021603581,0.022770236,0.023996297,0.018561247,0.022446046,0.020520362,0.024112212,0.022539112,0.020658693,0.020969802,0.025062174,0.022021863,0.018637949,0.022326197,0.020608486,0.021908766,0.021850985,0.020655757,0.020222237,0.021806911,0.021962993,0.021303609,0.021342354,0.020510198,0.020156443,0.02063349,0.019136722,0.021661422,0.022775482,0.02210009,0.02157369,0.021561931,0.023520928,0.022039233,0.021336047,0.023315761,0.022079118,0.02304284,0.020088481,0.019351927,0.022799257,0.019995623,0.020599113,0.020438602,0.022508301,0.021280548,0.021113184,0.017939376,0.023878998,0.022701498,0.022476881,0.020877146,0.018197231,0.022885541,0.02368638,0.020892623,0.019549518,0.021951499,0.017274034,0.022062332,0.020958828,0.02268249,0.02190319,0.023728449,0.017334183,0.022808482,0.020200117,0.024363881,0.01758949,0.024003774,0.020786842,0.01997997,0.019771588,0.024035864,0.016771718,0.022603582,0.019881315,0.021335509,0.021876587,0.02390427,0.02249147,0.020351081,0.023860877,0.022372695,0.020905679,0.020830708,0.023221186,0.02179297,0.022313211,0.021217868,0.023328413,0.021862256,0.023166723,0.017599138
A,0.022485577,0.019898535,0.021188952,0.019615309,0.019979512,0.022372086,0.021603581,0.022770236,0.023996297,0.018561247,0.022446046,0.020520362,0.024112212,0.022539112,0.020658693,0.020969802,0.025062174,0.022021863,0.018637949,0.022326197,0.020608486,0.021908766,0.021850985,0.020655757,0.020222237,0.021806911,0.021962993,0.021303609,0.021342354,0.020510198,0.020156443,0.02063349,0.019136722,0.021661422,0.022775482,0.02210009,0.02157369,0.021561931,0.023520928,0.022039233,0.021336047,0.023315761,0.022079118,0.02304284,0.020088481,0.019351927,0.022799257,0.019995623,0.020599113,0.020438602,0.022508301,0.021280548,0.021113184,0.017939376,0.023878998,0.022701498,0.022476881,0.020877146,0.018197231,0.022885541,0.02368638,0.020892623,0.019549518,0.021951499,0.017274034,0.022062332,0.020958828,0.02268249,0.02190319,0.023728449,0.017334183,0.022808482,0.020200117,0.024363881,0.01758949,0.024003774,0.020786842,0.01997997,0.019771588,0.024035864,0.016771718,0.022603582,0.019881315,0.021335509,0.021876587,0.02390427,0.02249147,0.020351081,0.023860877,0.022372695,0.020905679,0.020830708,0.023221186,0.02179297,0.022313211,0.021217868,0.023328413,0.021862256,0.023166723,0.017599138
A,0.022485577,0.019898535,0.021188952,0.019615309,0.019979512,0.022372086,0.021603581,0.022770236,0.023996297,0.018561247,0.022446046,0.020520362,0.024112212,0.022539112,0.020658693,0.020969802,0.025062174,0.022021863,0.018637949,0.022326197,0.020608486,0.021908766,0.021850985,0.020655757,0.020222237,0.021806911,0.021962993,0.021303609,0.021342354,0.020510198,0.020156443,0.02063349,0.019136722,0.021661422,0.022775482,0.02210009,0.02157369,0.021561931,0.023520928,0.022039233,0.021336047,0.023315761,0.022079118,0.02304284,0.020088481,0.019351927,0.022799257,0.019995623,0.020599113,0.020438602,0.022508301,0.021280548,0.021113184,0.017939376,0.023878998,0.022701498,0.022476881,0.020877146,0.018197231,0.022885541,0.02368638,0.020892623,0.019549518,0.021951499,0.017274034,0.022062332,0.020958828,0.02268249,0.02190319,0.023728449,0.017334183,0.022808482,0.020200117,0.024363881,0.01758949,0.024003774,0.020786842,0.01997997,0.019771588,0.024035864,0.016771718,0.022603582,0.019881315,0.021335509,0.021876587,0.02390427,0.02249147,0.020351081,0.023860877,0.022372695,0.020905679,0.020830708,0.023221186,0.02179297,0.022313211,0.021217868,0.023328413,0.021862256,0.023166723,0.017599138
A,0.022485577,0.019898535,0.021188952,0.019615309,0.019979512,0.022372086,0.021603581,0.022770236,0.023996297,0.018561247,0.022446046,0.020520362,0.024112212,0.022539112,0.020658693,0.020969802,0.025062174,0.022021863,0.018637949,0.022326197,0.020608486,0.021908766,0.021850985,0.020655757,0.020222237,0.021806911,0.021962993,0.021303609,0.021342354,0.020510198,0.020156443,0.02063349,0.019136722,0.021661422,0.022775482,0.02210009,0.02157369,0.021561931,0.023520928,0.022039233,0.021336047,0.023315761,0.022079118,0.02304284,0.020088481,0.019351927,0.022799257,0.019995623,0.020599113,0.020438602,0.022508301,0.021280548,0.021113184,0.017939376,0.023878998,0.022701498,0.022476881,0.020877146,0.018197231,0.022885541,0.02368638,0.020892623,0.019549518,0.021951499,0.017274034,0.022062332,0.020958828,0.02268249,0.02190319,0.023728449,0.017334183,0.022808482,0.020200117,0.024363881,0.01758949,0.024003774,0.020786842,0.01997997,0.019771588,0.024035864,0.016771718,0.022603582,0.019881315,0.021335509,0.021876587,0.02390427,0.02249147,0.020351081,0.023860877,0.022372695,0.020905679,0.020830708,0.023221186,0.02179297,0.022313211,0.021217868,0.023328413,0.021862256,0.023166723,0.017599138
A,0.022485577,0.019898535,0.021188952,0.019615309,0.019979512,0.022372086,0.021603581,0.022770236,0.023996297,0.018561247,0.022446046,0.020520362,0.024112212,0.022539112,0.020658693,0.020969802,0.025062174,0.022021863,0.018637949,0.022326197,0.020608486,0.021908766,0.021850985,0.020655757,0.020222237,0.021806911,0.021962993,0.021303609,0.021342354,0.020510198,0.020156443,0.02063349,0.019136722,0.021661422,0.022775482,0.02210009,0.02157369,0.021561931,0.023520928,0.022039233,0.021336047,0.023315761,0.022079118,0.02304284,0.020088481,0.019351927,0.022799257,0.019995623,0.020599113,0.020438602,0.022508301,0.021280548,0.021113184,0.017939376,0.023878998,0.022701498,0.022476881,0.020877146,0.018197231,0.022885541,0.02368638,0.020892623,0.019549518,0.021951499,0.017274034,0.022062332,0.020958828,0.02268249,0.02190319,0.023728449,0.017334183,0.022808482,0.020200117,0.024363881,0.01758949,0.024003774,0.020786842,0.01997997,0.019771588,0.024035864,0.016771718,0.022603582,0.019881315,0.021335509,0.021876587,0.02390427,0.02249147,0.020351081,0.023860877,0.022372695,0.020905679,0.020830708,0.023221186,0.02179297,0.022313211,0.021217868,0.023328413,0.021862256,0.023166723,0.017599138
A,0.044157573,0.037888828,0.042169956,0.037915206,0.037503718,0.044625,0.040719878,0.044894547,0.04712457,0.037324878,0.044213314,0.042034489,0.047378481,0.04342731,0.038752604,0.04063659,0.047832713,0.041714821,0.036966445,0.043173346,0.038817259,0.041310008,0.041906659,0.040540876,0.038949324,0.040104543,0.041573655,0.042219001,0.042397244,0.039368413,0.038751553,0.040462863,0.037616528,0.040840299,0.044373632,0.045214752,0.042090788,0.04125625,0.045843048,0.042439501,0.040484618,0.043097284,0.043490038,0.044977956,0.040298447,0.034753124,0.044288002,0.037549631,0.039404105,0.039611703,0.044321425,0.041981381,0.041757165,0.034181466,0.04596706,0.045095455,0.043183409,0.041595004,0.0352879,0.045335823,0.045933819,0.039883773,0.0385265,0.041610631,0.034148657,0.042330914,0.041831521,0.044810986,0.040464361,0.045567666,0.034321669,0.04550988,0.040691048,0.045581899,0.034889005,0.046171241,0.042155116,0.037735291,0.038458895,0.045914795,0.034156602,0.043550309,0.039560454,0.041816469,0.040773694,0.044228741,0.045063406,0.039765735,0.045036426,0.043141044,0.040923336,0.038610812,0.046242595,0.042634198,0.043947967,0.039524543,0.044362269,0.042991617,0.045107556,0.035512847
A,0.044157573,0.037888828,0.042169956,0.037915206,0.037503718,0.044625,0.040719878,0.044894547,0.04712457,0.037324878,0.044213314,0.042034489,0.047378481,0.04342731,0.038752604,0.04063659,0.047832713,0.041714821,0.036966445,0.043173346,0.038817259,0.041310008,0.041906659,0.040540876,0.038949324,0.040104543,0.041573655,0.042219001,0.042397244,0.039368413,0.038751553,0.040462863,0.037616528,0.040840299,0.044373632,0.045214752,0.042090788,0.04125625,0.045843048,0.042439501,0.040484618,0.043097284,0.043490038,0.044977956,0.040298447,0.034753124,0.044288002,0.037549631,0.039404105,0.039611703,0.044321425,0.041981381,0.041757165,0.034181466,0.04596706,0.045095455,0.043183409,0.041595004,0.0352879,0.045335823,0.045933819,0.039883773,0.0385265,0.041610631,0.034148657,0.042330914,0.041831521,0.044810986,0.040464361,0.045567666,0.034321669,0.04550988,0.040691048,0.045581899,0.034889005,0.046171241,0.042155116,0.037735291,0.038458895,0.045914795,0.034156602,0.043550309,0.039560454,0.041816469,0.040773694,0.044228741,0.045063406,0.039765735,0.045036426,0.043141044,0.040923336,0.038610812,0.046242595,0.042634198,0.043947967,0.039524543,0.044362269,0.042991617,0.045107556,0.035512847
A,0.044157573,0.037888828,0.042169956,0.037915206,0.037503718,0.044625,0.040719878,0.044894547,0.04712457,0.037324878,0.044213314,0.042034489,0.047378481,0.04342731,0.038752604,0.04063659,0.047832713,0.041714821,0.036966445,0.043173346,0.038817259,0.041310008,0.041906659,0.040540876,0.038949324,0.040104543,0.041573655,0.042219001,0.042397244,0.039368413,0.038751553,0.040462863,0.037616528,0.040840299,0.044373632,0.045214752,0.042090788,0.04125625,0.045843048,0.042439501,0.040484618,0.043097284,0.043490038,0.044977956,0.040298447,0.034753124,0.044288002,0.037549631,0.039404105,0.039611703,0.044321425,0.041981381,0.041757165,0.034181466,0.04596706,0.045095455,0.043183409,0.041595004,0.0352879,0.045335823,0.045933819,0.039883773,0.0385265,0.041610631,0.034148657,0.042330914,0.041831521,0.044810986,0.040464361,0.045567666,0.034321669,0.04550988,0.040691048,0.045581899,0.034889005,0.046171241,0.042155116,0.037735291,0.038458895,0.045914795,0.034156602,0.043550309,0.039560454,0.041816469,0.040773694,0.044228741,0.045063406,0.039765735,0.045036426,0.043141044,0.040923336,0.038610812,0.046242595,0.042634198,0.043947967,0.039524543,0.044362269,0.042991617,0.045107556,0.035512847
A,0.044157573,0.037888828,0.042169956,0.037915206,0.037503718,0.044625,0.040719878,0.044894547,0.04712457,0.037324878,0.044213314,0.042034489,0.047378481,0.04342731,0.038752604,0.04063659,0.047832713,0.041714821,0.036966445,0.043173346,0.038817259,0.041310008,0.041906659,0.040540876,0.038949324,0.040104543,0.041573655,0.042219001,0.042397244,0.039368413,0.038751553,0.040462863,0.037616528,0.040840299,0.044373632,0.045214752,0.042090788,0.04125625,0.045843048,0.042439501,0.040484618,0.043097284,0.043490038,0.044977956,0.040298447,0.034753124,0.044288002,0.037549631,0.039404105,0.039611703,0.044321425,0.041981381,0.041757165,0.034181466,0.04596706,0.045095455,0.043183409,0.041595004,0.0352879,0.045335823,0.045933819,0.039883773,0.0385265,0.041610631,0.034148657,0.042330914,0.041831521,0.044810986,0.040464361,0.045567666,0.034321669,0.04550988,0.040691048,0.045581899,0.034889005,0.046171241,0.042155116,0.037735291,0.038458895,0.045914795,0.034156602,0.043550309,0.039560454,0.041816469,0.040773694,0.044228741,0.045063406,0.039765735,0.045036426,0.043141044,0.040923336,0.038610812,0.046242595,0.042634198,0.043947967,0.039524543,0.044362269,0.042991617,0.045107556,0.035512847
A,0.044157573,0.037888828,0.042169956,0.037915206,0.037503718,0.044625,0.040719878,0.044894547,0.04712457,0.037324878,0.044213314,0.042034489,0.047378481,0.04342731,0.038752604,0.04063659,0.047832713,0.041714821,0.036966445,0.043173346,0.038817259,0.041310008,0.041906659,0.040540876,0.038949324,0.040104543,0.041573655,0.042219001,0.042397244,0.039368413,0.038751553,0.040462863,0.037616528,0.040840299,0.044373632,0.045214752,0.042090788,0.04125625,0.045843048,0.042439501,0.040484618,0.043097284,0.043490038,0.044977956,0.040298447,0.034753124,0.044288002,0.037549631,0.039404105,0.039611703,0.044321425,0.041981381,0.041757165,0.034181466,0.04596706,0.045095455,0.043183409,0.041595004,0.0352879,0.045335823,0.045933819,0.039883773,0.0385265,0.041610631,0.034148657,0.042330914,0.041831521,0.044810986,0.040464361,0.045567666,0.034321669,0.04550988,0.040691048,0.045581899,0.034889005,0.046171241,0.042155116,0.037735291,0.038458895,0.045914795,0.034156602,0.043550309,0.039560454,0.041816469,0.040773694,0.044228741,0.045063406,0.039765735,0.045036426,0.043141044,0.040923336,0.038610812,0.046242595,0.042634198,0.043947967,0.039524543,0.044362269,0.042991617,0.045107556,0.035512847
B,0.008709902,0.009427376,0.008192907,0.008261668,0.008123024,0.009041358,0.009900573,0.009628978,0.008145688,0.008448716,0.007673402,0.01003205,0.00968569,0.008126009,0.008394672,0.010219676,0.00982612,0.007992757,0.008577647,0.009623119,0.010998527,0.009951604,0.008784167,0.009342055,0.009134021,0.009528302,0.009114069,0.008372861,0.009047126,0.007489655,0.007794681,0.008428753,0.009302348,0.00818822,0.009050119,0.009066009,0.009380536,0.009970083,0.009408741,0.008404549,0.010471419,0.00896755,0.009429293,0.008846797,0.008981481,0.007709846,0.009087041,0.007974739,0.008720568,0.009813356,0.008456832,0.009471974,0.007548615,0.009966606,0.009112239,0.009987232,0.008628203,0.006072982,0.008862037,0.009315172,0.009600488,0.008150638,0.009707218,0.007383457,0.009058641,0.008590207,0.009377923,0.010816003,0.009389161,0.007923216,0.00769927,0.008158064,0.010289453,0.007180767,0.009910523,0.008224091,0.008568026,0.008566645,0.009777182,0.006641076,0.008433539,0.008299817,0.007882326,0.009862303,0.010221256,0.009327333,0.009294842,0.010223734,0.009347918,0.008834068,0.008455985,0.009964753,0.00890201,0.009051253,0.01007923,0.009848534,0.009895071,0.009411615,0.007734577,0.007748537
B,0.009096936,0.009637346,0.008374044,0.0082155,0.008084123,0.009119967,0.009643011,0.009697387,0.008502078,0.008440805,0.007814879,0.009998192,0.009619075,0.008005865,0.008394336,0.009873796,0.009888511,0.008298894,0.008404466,0.009547533,0.011156572,0.010197185,0.009085363,0.009624252,0.008864132,0.009431936,0.009220298,0.008610703,0.009231762,0.007402983,0.007783255,0.00883131,0.00943108,0.007855528,0.00914047,0.009105145,0.009268975,0.010020464,0.00959883,0.008437746,0.010045348,0.009043548,0.009537859,0.008986199,0.008867295,0.00753947,0.009063216,0.007757388,0.008828761,0.009987178,0.008601336,0.009814428,0.007463238,0.010011875,0.009131978,0.009830267,0.008688079,0.005714682,0.008716419,0.009248489,0.009888334,0.008307644,0.009776446,0.007731975,0.008925862,0.008453988,0.009136856,0.010702495,0.009458102,0.008308745,0.007419563,0.008253383,0.01021836,0.007329445,0.009734389,0.008638971,0.008348127,0.008888284,0.009450276,0.007062493,0.008270018,0.008619468,0.007963331,0.010105247,0.009915899,0.009722052,0.009545556,0.010026772,0.009182305,0.008902656,0.008355891,0.010304501,0.009129821,0.009316384,0.010253421,0.009727746,0.010184253,0.009424259,0.008208809,0.007573273
B,0.009140101,0.009510314,0.008457629,0.008209451,0.007977626,0.008992487,0.009224042,0.00942045,0.008608662,0.008035961,0.007926729,0.009643164,0.009304734,0.008194502,0.008294544,0.009311433,0.009739895,0.008468633,0.008215498,0.009147771,0.010532377,0.010402437,0.009131869,0.009504561,0.00857085,0.009088195,0.009205778,0.008615993,0.009214496,0.007518072,0.007760919,0.008995371,0.009098939,0.00774191,0.009102443,0.008906888,0.008944592,0.00976846,0.009630729,0.008429898,0.009375651,0.009077505,0.009546012,0.008833758,0.008679523,0.007644575,0.008807034,0.007552392,0.008739941,0.009780687,0.00871131,0.009895732,0.007447603,0.009981636,0.009312449,0.009509682,0.008580742,0.005703575,0.008433127,0.008942937,0.009940613,0.008515178,0.0097037,0.008066668,0.008555617,0.008306434,0.008695321,0.010256835,0.009403705,0.008572187,0.007303094,0.008439261,0.009826573,0.007528635,0.009216269,0.008921609,0.008037648,0.008909772,0.009132963,0.0075853,0.008171518,0.008813751,0.008137218,0.009990744,0.009308896,0.009898782,0.009448909,0.009580213,0.008874416,0.008865055,0.008188491,0.010311384,0.009275497,0.009277938,0.010027682,0.009487431,0.010165913,0.009200641,0.008628363,0.007308323
B,0.008927359,0.009443566,0.008536063,0.008289013,0.008110108,0.008841597,0.008935336,0.009071805,0.008928997,0.007602531,0.0083138,0.008948013,0.009213414,0.008837958,0.008545654,0.009084775,0.009758883,0.008782658,0.008137459,0.008962752,0.009556423,0.010398913,0.009193807,0.009470723,0.008740317,0.009092696,0.009299867,0.008562081,0.009139601,0.007950744,0.00815713,0.009124273,0.008708423,0.00837284,0.009293581,0.009228907,0.008575143,0.009344595,0.009763969,0.008916378,0.008873949,0.009237834,0.00952589,0.00894602,0.008538573,0.008260574,0.008732466,0.007450223,0.008606599,0.009657973,0.009201821,0.009788586,0.007782606,0.009498668,0.009748692,0.00931476,0.008693481,0.006303175,0.007953281,0.008853064,0.009988653,0.008910914,0.009688954,0.008760526,0.008294607,0.008264985,0.008523892,0.009922104,0.009300819,0.008921273,0.007387399,0.009105963,0.009480834,0.007925626,0.008758249,0.009325265,0.007966843,0.008569927,0.009173303,0.008211255,0.008223099,0.009137711,0.008474024,0.009401125,0.008695068,0.01003397,0.009431065,0.00917939,0.009004944,0.009117901,0.00806572,0.010029874,0.009727544,0.009142485,0.009671151,0.009564587,0.01007228,0.009006508,0.009073302,0.007029479
B,0.008884415,0.009422225,0.007994062,0.007648851,0.007969605,0.008926709,0.00902727,0.008857056,0.009989166,0.006709941,0.00805067,0.007449757,0.009640228,0.010070895,0.008922398,0.008432741,0.009924114,0.009452413,0.007028114,0.009203754,0.009898751,0.010841438,0.00939355,0.008925121,0.008391357,0.009726242,0.0097253,0.008532878,0.007557546,0.008156757,0.008631964,0.009848971,0.007690633,0.008678308,0.009413768,0.009014338,0.008728896,0.009434418,0.010563915,0.009153628,0.008444538,0.010179003,0.009023195,0.00938683,0.008225267,0.009158423,0.008915393,0.008289833,0.008608807,0.009025205,0.009286483,0.009200078,0.008374059,0.008652106,0.010462253,0.008644518,0.00905675,0.007306193,0.007664683,0.008980584,0.009404209,0.009163735,0.009262444,0.009470148,0.007006974,0.009139658,0.008818345,0.009406388,0.009493064,0.0100056,0.006466944,0.008816897,0.009070646,0.009239588,0.008484151,0.010509304,0.00750932,0.008515477,0.008369781,0.009817099,0.006727645,0.009135871,0.007818914,0.009307191,0.008576605,0.01118023,0.008922334,0.008694637,0.009957346,0.009717643,0.008061381,0.009976269,0.009816728,0.008281036,0.00927028,0.00932309,0.010534965,0.008396484,0.009786024,0.006658175
B,0.014845494,0.015862215,0.014088154,0.013508583,0.014623828,0.015689059,0.016737978,0.017202805,0.014086849,0.015110431,0.013920726,0.01743562,0.01675552,0.013609656,0.014479336,0.017406306,0.016417733,0.013820812,0.014894636,0.015784008,0.017555038,0.016781198,0.015066748,0.015681029,0.015128663,0.015545007,0.015504675,0.015071789,0.0156458,0.013143362,0.013771488,0.014470941,0.015724377,0.014519944,0.016139555,0.015655778,0.015711602,0.017137546,0.016127463,0.01438034,0.016994861,0.015893406,0.016529329,0.015018983,0.014388067,0.013882276,0.015286938,0.013498221,0.014537763,0.016887141,0.015054675,0.016162369,0.012567841,0.016819972,0.016002268,0.016555856,0.015026173,0.010710938,0.015308056,0.016555572,0.01615145,0.013751483,0.016258301,0.012864031,0.015070491,0.014542646,0.016362897,0.017279986,0.016348772,0.013142362,0.014091833,0.014390377,0.017624499,0.012475979,0.016624228,0.014890015,0.014372947,0.014464245,0.016753511,0.011921811,0.015161556,0.01434969,0.014022489,0.016509298,0.016842035,0.016350313,0.015879562,0.01696613,0.016106772,0.015507398,0.014283943,0.017475292,0.015858582,0.015980002,0.016705828,0.016605987,0.01669515,0.016610161,0.013300469,0.013328047
B,0.015554654,0.016342347,0.014417183,0.013608325,0.014581397,0.015973499,0.016691141,0.017529633,0.014842287,0.015263309,0.014298696,0.017618787,0.01688604,0.013556722,0.014543034,0.017158974,0.016692941,0.014316744,0.01473955,0.01589696,0.017827807,0.017420262,0.015542572,0.016222018,0.014884057,0.01547477,0.015859052,0.015517703,0.016131006,0.013187654,0.013878187,0.015129217,0.015995143,0.014175822,0.01651594,0.016001619,0.015777635,0.017431891,0.016648095,0.014555857,0.016675979,0.016139872,0.017027387,0.015483917,0.014295678,0.013739439,0.015424965,0.013108691,0.014803048,0.01726128,0.015495864,0.016833215,0.012670369,0.017012421,0.016277578,0.016659316,0.015214489,0.010357022,0.015191025,0.01670033,0.016809729,0.014158979,0.01656723,0.013504684,0.015033136,0.014551277,0.016273389,0.017434185,0.016664455,0.013927307,0.013809969,0.014830554,0.01777765,0.012851367,0.016546265,0.01564587,0.014301641,0.015040111,0.016640754,0.012715446,0.015136831,0.014929266,0.01422752,0.017038442,0.016653548,0.017077501,0.016464263,0.01682148,0.016112395,0.01583837,0.014278254,0.018127259,0.016418243,0.016594117,0.017157473,0.016576195,0.017277733,0.016855115,0.014243332,0.013166733
B,0.015790297,0.01630416,0.014576757,0.01365566,0.014377545,0.015954025,0.016322552,0.017268803,0.015314946,0.014727776,0.01452133,0.017276722,0.016558138,0.013889609,0.014384174,0.016506803,0.016587848,0.014533654,0.014453498,0.015570886,0.017019792,0.017755408,0.015586806,0.016144842,0.014546311,0.015058355,0.016043861,0.015565651,0.016248355,0.013414,0.013847156,0.015406732,0.015581487,0.013960913,0.016617534,0.015939818,0.015481777,0.017235529,0.016864378,0.014599643,0.015970365,0.0161764,0.017325663,0.015482146,0.014059143,0.013741919,0.015180157,0.012660461,0.01471187,0.016944801,0.015793737,0.017096489,0.012717503,0.017064748,0.016703648,0.016392485,0.015067178,0.010365208,0.014757106,0.016418427,0.01716851,0.014551921,0.01657608,0.014088038,0.014545609,0.014498489,0.01570533,0.017104012,0.01666567,0.014575953,0.013536376,0.015310976,0.017441263,0.013298862,0.015907109,0.016237458,0.014038026,0.015093872,0.016280276,0.013554322,0.014970563,0.015264943,0.01446069,0.017014579,0.015936356,0.017380618,0.016501282,0.016329708,0.015811005,0.015976641,0.014098467,0.018255719,0.01672293,0.016691688,0.017004839,0.01625224,0.017427244,0.016619931,0.015036016,0.012787284
B,0.015788893,0.016305551,0.014837945,0.013820423,0.01430584,0.015962759,0.016036643,0.016755602,0.016117532,0.013858046,0.014993249,0.016385221,0.016590948,0.01507014,0.014601218,0.016103636,0.016664321,0.015114648,0.014232642,0.015528675,0.015762791,0.01769103,0.015742452,0.01628518,0.014701784,0.015002811,0.016403906,0.015433987,0.016262238,0.014123129,0.014305672,0.01583023,0.014953775,0.014756318,0.01691629,0.016608559,0.015071925,0.016698164,0.017270059,0.015398835,0.015263078,0.01636172,0.017436818,0.016028872,0.014128,0.014314737,0.01528078,0.012296831,0.014594166,0.016522873,0.016461809,0.017155562,0.013381654,0.016386459,0.017469688,0.016366572,0.015124175,0.011286089,0.013899979,0.016354603,0.017598485,0.015171294,0.016580448,0.015175781,0.014093265,0.014745876,0.015338843,0.016992154,0.016440601,0.015550951,0.013291257,0.016324303,0.017076543,0.014026691,0.015089394,0.017031665,0.013963805,0.01472637,0.016341333,0.014755388,0.014763197,0.015878047,0.014866848,0.016437331,0.015182514,0.017604533,0.016688375,0.015888124,0.015980512,0.016509532,0.014034272,0.017849802,0.017449974,0.016564796,0.016809803,0.016245544,0.017466363,0.016240823,0.016030852,0.012406145
B,0.01574823,0.015720253,0.014098597,0.0131863,0.013572041,0.016003606,0.015670196,0.015776929,0.017496035,0.012188722,0.014582414,0.013786747,0.016862781,0.016875072,0.014796107,0.014720175,0.016749006,0.015764353,0.012552056,0.015848783,0.01602851,0.017762652,0.015769031,0.015326478,0.014207086,0.01551344,0.016271267,0.0149579,0.013864115,0.014268865,0.014642669,0.016546817,0.01343809,0.015056791,0.016334502,0.01603448,0.015036703,0.01595219,0.017759804,0.01536935,0.014517244,0.01687431,0.016243541,0.016303967,0.01379789,0.014966568,0.01574046,0.013666472,0.014798306,0.015281274,0.016187709,0.016038379,0.014319925,0.014322291,0.017841037,0.01527433,0.015280839,0.013145515,0.012906027,0.016092018,0.016858381,0.015314348,0.015464722,0.015838923,0.012237938,0.015664341,0.015029878,0.016267767,0.015831226,0.016944102,0.011305213,0.015648739,0.015783352,0.015950622,0.014080258,0.017945914,0.013579982,0.014295599,0.014763347,0.016737751,0.012179946,0.015883081,0.013638564,0.015836261,0.014727121,0.018374468,0.015758577,0.014827172,0.017125254,0.016774833,0.01412579,0.016717027,0.017296989,0.015117003,0.016186964,0.015815657,0.017747896,0.014938257,0.016924278,0.01166145
B,0.02757517,0.029588841,0.026462421,0.024708091,0.028835534,0.029310704,0.031444512,0.032922506,0.02741745,0.02933687,0.028084745,0.033228563,0.031604208,0.025316375,0.027449349,0.032456931,0.030080702,0.026073421,0.028444325,0.028429839,0.030688902,0.030912596,0.028538854,0.028684066,0.027345152,0.028141054,0.029514548,0.029529174,0.029106749,0.025330054,0.026801278,0.027161251,0.028534246,0.028526182,0.031654926,0.030074755,0.029043486,0.032332061,0.030348575,0.026979609,0.03025574,0.030247605,0.031620206,0.028872757,0.025297292,0.027105828,0.027748832,0.025209985,0.027310247,0.031654409,0.029203113,0.030453512,0.023509506,0.03135806,0.030998705,0.030832775,0.028854731,0.021637716,0.029049259,0.031731884,0.029661303,0.025979933,0.029941105,0.024820918,0.027830278,0.028082459,0.031420302,0.030550677,0.030944142,0.02501525,0.028291631,0.028324777,0.032369924,0.024079085,0.030958786,0.029432504,0.026777405,0.027072535,0.031617768,0.023896175,0.029480142,0.027698634,0.027317503,0.030035649,0.030317971,0.031550236,0.029726886,0.030836164,0.030184788,0.029630859,0.026318031,0.033423723,0.030461373,0.030985108,0.030067219,0.030275914,0.031114697,0.031613813,0.025987641,0.025480476
B,0.029481847,0.031082263,0.02769268,0.025494574,0.029442618,0.030640851,0.032417435,0.034423431,0.029582095,0.030468823,0.029540104,0.034467436,0.0327303,0.026058084,0.028257586,0.033017843,0.031421456,0.02737577,0.028983001,0.029554635,0.031685275,0.032711101,0.029976657,0.030220765,0.027747289,0.028680735,0.030942697,0.031029726,0.030654097,0.026088047,0.027726373,0.028863967,0.029581763,0.02883422,0.033297568,0.031690032,0.030116355,0.033697763,0.03204015,0.028032525,0.030751863,0.031409787,0.033459248,0.030515258,0.02598114,0.027601601,0.028930512,0.025140706,0.028491885,0.032956331,0.030879768,0.032350517,0.024561308,0.032374502,0.032438555,0.032173807,0.02997869,0.022064718,0.029609522,0.032986046,0.031578327,0.027423816,0.031325581,0.026592418,0.028543015,0.029008978,0.032393347,0.031939916,0.032260483,0.027122581,0.028698378,0.030071613,0.033571956,0.025411032,0.031715793,0.031398006,0.027634894,0.028543165,0.032566316,0.02591644,0.030373722,0.0293477,0.028396439,0.031667575,0.030913924,0.033426647,0.031546173,0.031449346,0.031220979,0.031156709,0.027179517,0.035174384,0.032220371,0.03283223,0.031627439,0.030887297,0.032730647,0.032949395,0.028287769,0.025919341
B,0.030713648,0.031696156,0.028601616,0.026063138,0.029493012,0.031435506,0.032642769,0.034866879,0.031319677,0.030467864,0.030541618,0.034789029,0.033110409,0.027222157,0.028495492,0.032827931,0.03202627,0.028193898,0.029092146,0.030059357,0.031154586,0.033878553,0.030701922,0.030877923,0.027864594,0.028615982,0.032023902,0.031752902,0.031597189,0.026943794,0.028235589,0.029920636,0.029614932,0.028981369,0.034299486,0.032576437,0.030554661,0.034220099,0.033156801,0.028759826,0.030604468,0.032067966,0.034770398,0.031389374,0.026343084,0.027917092,0.029435098,0.024802687,0.028953324,0.03309043,0.032130686,0.033490233,0.025376532,0.03302144,0.033755915,0.03276082,0.03046231,0.022755034,0.029558272,0.03354004,0.033125947,0.028693318,0.032088784,0.028111837,0.028442285,0.029692685,0.032438411,0.032632625,0.032879199,0.029040445,0.028720784,0.03162912,0.034004,0.026710095,0.031454651,0.03313184,0.028024787,0.029228208,0.032808209,0.027931078,0.030689912,0.03050163,0.029315676,0.032496693,0.030620163,0.034465332,0.0324559,0.031460975,0.031636935,0.032218763,0.027649812,0.036059394,0.033447662,0.033740905,0.032336501,0.030834797,0.033552762,0.033393213,0.030277723,0.025883835
B,0.031658204,0.03197633,0.029889918,0.026649764,0.029186551,0.032408328,0.032707742,0.034716362,0.033481103,0.029562207,0.031469655,0.034137487,0.033829041,0.029686375,0.028886526,0.032466735,0.032670826,0.029579886,0.029011334,0.030822971,0.029925972,0.034067316,0.031517196,0.031792554,0.028290265,0.028830832,0.033048839,0.031845831,0.032172287,0.028408707,0.028964936,0.031212915,0.02900543,0.030070953,0.035181108,0.034211295,0.030551131,0.034089885,0.034499301,0.030444402,0.030120381,0.032636044,0.035514446,0.03304719,0.027441802,0.028555961,0.030429085,0.024472351,0.029258071,0.032595547,0.033506668,0.034181829,0.027115217,0.032395999,0.035230348,0.033375037,0.03093599,0.024525025,0.028492179,0.034044236,0.034735538,0.029901468,0.032608579,0.030136234,0.027958682,0.030674618,0.03228252,0.033635114,0.032838967,0.031512856,0.028278143,0.033540538,0.03439998,0.028314014,0.030397242,0.035060058,0.028514502,0.029106258,0.033196137,0.030456934,0.030360447,0.032000235,0.030216017,0.032502201,0.030013017,0.03514582,0.033387703,0.031323636,0.032360574,0.033529095,0.02827883,0.035721511,0.035146512,0.033969566,0.033227986,0.0310767,0.033966315,0.033177082,0.032610059,0.025802753
B,0.030436217,0.02880071,0.027800694,0.024973349,0.025802322,0.031176013,0.029611803,0.031074316,0.033532001,0.025016017,0.029074147,0.028393253,0.032462603,0.031085925,0.02707485,0.028383617,0.03136678,0.028871371,0.024962546,0.029988045,0.028651624,0.031929538,0.029658856,0.029108169,0.02642916,0.027684942,0.030352899,0.029193915,0.027721025,0.027186034,0.027662346,0.030663725,0.025730368,0.02850966,0.031644596,0.031684619,0.028901088,0.030019998,0.033021214,0.028747306,0.027364217,0.03077739,0.03157146,0.031489189,0.026320596,0.026785959,0.030169942,0.025132735,0.027951492,0.028712775,0.031187735,0.030793606,0.02748862,0.026776794,0.033353443,0.030195157,0.029347322,0.026240731,0.024814275,0.031458515,0.03241458,0.028308843,0.028979516,0.029308263,0.023941469,0.029684513,0.029333983,0.031322491,0.029097259,0.031565424,0.023002411,0.030834745,0.030537489,0.029814521,0.026443307,0.033812682,0.027134764,0.026642814,0.028598798,0.031480323,0.024517446,0.030274931,0.026661017,0.029837615,0.027708991,0.03334771,0.030642525,0.0279965,0.032114517,0.03157031,0.027314928,0.030515342,0.033148478,0.029883961,0.031044426,0.028895433,0.03249238,0.029214218,0.032123285,0.023232371
B,0.059267262,0.063790416,0.057504092,0.052949193,0.064412205,0.062532622,0.068099833,0.07123849,0.062048089,0.064268541,0.064328799,0.072158011,0.067562205,0.055867515,0.060032476,0.069058617,0.064057339,0.056626025,0.062211123,0.059600021,0.062408425,0.065502835,0.062293863,0.060553802,0.057592346,0.059557089,0.064601122,0.065286503,0.061385618,0.05564715,0.059704714,0.059021774,0.059421184,0.063752419,0.070613995,0.066362584,0.062438448,0.069574988,0.065430234,0.058550976,0.063143895,0.065678522,0.069024971,0.064047255,0.052553798,0.060662404,0.058694862,0.05525028,0.06014744,0.068342056,0.064132516,0.065845307,0.052078205,0.06731445,0.068530087,0.066903955,0.063682614,0.050893015,0.063661208,0.068795799,0.062853675,0.057364645,0.063443506,0.055444803,0.059798895,0.063195523,0.069106156,0.063235738,0.066581742,0.05598892,0.064571132,0.063974854,0.067363658,0.053939057,0.066481673,0.065950907,0.057839278,0.058248844,0.068006041,0.055026596,0.064796285,0.062396184,0.061054736,0.062316882,0.062644694,0.069328324,0.063957334,0.064636245,0.06498142,0.064689175,0.056603924,0.072763221,0.066032374,0.067858823,0.062118098,0.063537626,0.066699569,0.06828911,0.058662282,0.056756243
B,0.06558944,0.069049331,0.06275323,0.056993611,0.068265472,0.068049613,0.072927461,0.076975226,0.069326619,0.069461707,0.069984034,0.077657143,0.073000963,0.060617046,0.064453387,0.073386128,0.069497476,0.061489485,0.066329254,0.065003749,0.06683784,0.071577317,0.067846873,0.066116297,0.061330694,0.063339933,0.070207631,0.070905355,0.066966402,0.059795437,0.064346093,0.065042326,0.064004118,0.067640276,0.076892083,0.072683712,0.067789577,0.075219719,0.071349276,0.063575843,0.067419179,0.070672523,0.075428199,0.070087985,0.057064528,0.064631652,0.064293793,0.05803831,0.065547448,0.073566538,0.070301859,0.072064592,0.057174353,0.072222754,0.074314841,0.073044816,0.068891663,0.055234708,0.067575624,0.07457459,0.069285597,0.062728843,0.06891942,0.061629083,0.064119191,0.06818795,0.074558081,0.069321986,0.071916892,0.06282424,0.068644539,0.070304084,0.072761097,0.05908913,0.070972731,0.072387315,0.062765994,0.063382006,0.073249065,0.061446609,0.069727415,0.068461299,0.066145554,0.068289279,0.066724887,0.075470676,0.070271597,0.068561347,0.070292264,0.070813451,0.061474812,0.078915081,0.072241272,0.074318853,0.068029199,0.067275865,0.072190596,0.073878718,0.065674586,0.060611439
B,0.070690057,0.072615263,0.067524942,0.060530357,0.070589301,0.072576744,0.076245435,0.080703348,0.075698184,0.072909014,0.074401596,0.081327917,0.077044636,0.065429772,0.06756452,0.076173721,0.073539478,0.065511916,0.069414289,0.06955482,0.069151107,0.076166245,0.072124556,0.070336677,0.064242976,0.065937034,0.074859102,0.074845174,0.071428656,0.063672924,0.067980004,0.069951372,0.067001247,0.070598002,0.081625269,0.077639649,0.071917532,0.079338167,0.076183536,0.067787983,0.07029782,0.074686388,0.080542086,0.074722954,0.060961969,0.067574601,0.068695766,0.060066273,0.069581142,0.076883147,0.075509948,0.076768955,0.061807443,0.076171611,0.079124495,0.077575498,0.072911468,0.059493858,0.070325812,0.079004635,0.075296257,0.067450313,0.073121122,0.067084936,0.066965321,0.072416678,0.078117258,0.07436899,0.07584024,0.069309705,0.071531383,0.075642498,0.076874076,0.063902689,0.073552866,0.078243002,0.066777848,0.067229597,0.076857869,0.067585184,0.07332111,0.07345648,0.07051259,0.073001794,0.06934398,0.079902777,0.075019053,0.071327159,0.074318167,0.075871963,0.065450667,0.083154901,0.077187964,0.078929082,0.072778166,0.06966326,0.076067471,0.077616131,0.072088714,0.063532427
B,0.075137646,0.074816477,0.072572684,0.063258267,0.070811462,0.077417542,0.078235492,0.082792307,0.081648158,0.07416472,0.077325592,0.082855727,0.080794387,0.071371974,0.06982626,0.077156331,0.076789072,0.06964102,0.070941697,0.073773243,0.069792443,0.078418688,0.075632842,0.074331883,0.066203502,0.067837887,0.0783181,0.076686704,0.074598149,0.067802074,0.070718217,0.074465683,0.068351632,0.073147769,0.084791898,0.082568472,0.074629759,0.081598972,0.080704037,0.072185027,0.071671912,0.077364554,0.083943836,0.07972245,0.065908326,0.069403229,0.073232176,0.061349729,0.072614085,0.077877034,0.080019965,0.07984864,0.067156937,0.077031214,0.082742401,0.081002127,0.076218868,0.06456324,0.07046609,0.082234664,0.080710812,0.071136941,0.076146938,0.072290432,0.068272675,0.075914203,0.080032899,0.079308837,0.077742715,0.075880254,0.072174692,0.080431123,0.080635372,0.068372719,0.07350915,0.083507941,0.070400756,0.069137405,0.079225062,0.073817085,0.074602736,0.077650303,0.073952042,0.076071481,0.070651233,0.08251705,0.078808849,0.073005796,0.077620391,0.080173405,0.069057909,0.083913565,0.082073255,0.081410336,0.077525467,0.071462288,0.078337715,0.07923552,0.078423063,0.065441186
B,0.066755112,0.061644879,0.063394811,0.055083064,0.056958199,0.069229333,0.063981241,0.069658539,0.073263481,0.059137143,0.065797562,0.06650149,0.071620249,0.066076667,0.058527357,0.0629483,0.067782847,0.061994573,0.057195741,0.065550218,0.060095859,0.066556373,0.064792597,0.063805786,0.057095634,0.058729494,0.065512435,0.065173961,0.06266775,0.059178816,0.060349021,0.06595731,0.056840705,0.062012498,0.070175054,0.071333535,0.064749211,0.066024897,0.070750135,0.062646811,0.060073735,0.065617493,0.069654041,0.069689665,0.059232713,0.056688588,0.066251296,0.054770514,0.061927229,0.063157306,0.069311616,0.067247124,0.061646184,0.05910777,0.071365703,0.068890466,0.065897118,0.060339794,0.056285224,0.070259928,0.070538621,0.060900463,0.063257811,0.06295935,0.054823296,0.065155298,0.066774098,0.069146477,0.062734589,0.067810823,0.055023787,0.069309915,0.067980005,0.063917296,0.058454153,0.072998281,0.062189021,0.057741993,0.063268079,0.067645477,0.057079986,0.066565592,0.060995514,0.064772025,0.059736221,0.069970816,0.067829133,0.060970803,0.069096361,0.068528683,0.061104547,0.064982673,0.072248527,0.066805974,0.067819036,0.060969986,0.068465154,0.065474878,0.070007667,0.054081528
C,0.134218036,0.129794169,0.136265689,0.131587475,0.134704692,0.129299103,0.13506964,0.136609048,0.129862009,0.129831602,0.126385032,0.123587197,0.133712394,0.133719928,0.125255672,0.132632977,0.133136183,0.128829084,0.128258608,0.132622471,0.132148369,0.135063124,0.130891422,0.132416649,0.139470596,0.134472321,0.133951679,0.137224199,0.139077785,0.136597892,0.133469714,0.13292288,0.135319799,0.134257951,0.13265303,0.136529192,0.135008905,0.135069571,0.132685838,0.134757041,0.14178669,0.139345586,0.139449963,0.136779884,0.141744957,0.133049512,0.138762834,0.137426933,0.134878469,0.134989669,0.138824226,0.142370033,0.139928356,0.13975969,0.140175823,0.140341567,0.140333135,0.141048246,0.140175981,0.133035973,0.137215123,0.136495371,0.135703817,0.134720143,0.136701582,0.137212583,0.139280546,0.141283294,0.140551239,0.140494695,0.141161424,0.134470997,0.136344087,0.138753164,0.140626089,0.134366255,0.134196448,0.134403577,0.138537488,0.141006484,0.139093249,0.137086173,0.140514545,0.136707471,0.136606499,0.140524735,0.136771892,0.132525343,0.140631501,0.141682066,0.137917718,0.139173434,0.141124808,0.142140463,0.133547975,0.13787049,0.137789495,0.141251658,0.141255174,0.133008379
C,0.130811179,0.128614534,0.134487385,0.131295825,0.13036368,0.12649282,0.13200715,0.132466564,0.129412965,0.128088799,0.124612762,0.124216815,0.131360005,0.129989358,0.124703131,0.128966746,0.129440803,0.126848932,0.125402851,0.129906602,0.130172911,0.133188018,0.128002237,0.128814572,0.133854058,0.138045447,0.131917729,0.137733021,0.130918264,0.134547053,0.130276061,0.137917645,0.132046183,0.134270459,0.137941127,0.131020291,0.13671635,0.136882945,0.137456041,0.133632246,0.13724376,0.132503972,0.132775404,0.13134771,0.130587954,0.130945885,0.134121103,0.130399219,0.128918633,0.132276523,0.130909343,0.135289467,0.135150589,0.133930186,0.133394889,0.133495749,0.136770105,0.135553156,0.132192583,0.134518354,0.137654511,0.138655193,0.135657292,0.134029844,0.135320523,0.136782195,0.136753351,0.129637673,0.135178438,0.130882005,0.12955123,0.134452568,0.136644073,0.136211373,0.132095412,0.133076618,0.132592816,0.134464949,0.134683103,0.132355781,0.133513329,0.136685632,0.132177993,0.137024504,0.129900912,0.129666046,0.138658993,0.130476615,0.135069311,0.135833699,0.134984343,0.137747852,0.129722686,0.129832186,0.133462568,0.134130506,0.138327381,0.136261724,0.133436241,0.1382165
C,0.1277241,0.123823086,0.131336183,0.127782255,0.1287107,0.122859889,0.127531033,0.128639273,0.125654574,0.125030603,0.119751167,0.119617995,0.127468113,0.126251552,0.121350209,0.124339157,0.126967655,0.123882715,0.123495415,0.126580214,0.123939151,0.130006201,0.12647019,0.123961729,0.130254055,0.133513637,0.131146597,0.13270195,0.124817968,0.12461074,0.124038991,0.124434474,0.133704041,0.130890666,0.125833103,0.130235268,0.126917184,0.126938844,0.12760783,0.132554047,0.128845978,0.124562381,0.133081805,0.131539662,0.133904062,0.127620031,0.130538404,0.128730712,0.133040778,0.129076397,0.12637681,0.127712848,0.129542808,0.126759358,0.130586748,0.131078176,0.124626361,0.12436562,0.128566061,0.132763566,0.127379786,0.131016918,0.124049256,0.133537041,0.124323741,0.130185778,0.130406978,0.125100557,0.133080037,0.133451336,0.125126661,0.129145149,0.125006555,0.125246263,0.130375725,0.131760533,0.130682967,0.124420567,0.129189469,0.131169308,0.129512014,0.129648791,0.130431332,0.128236067,0.126420786,0.133899697,0.124836809,0.130370438,0.124693088,0.128560059,0.126516642,0.126620962,0.126205085,0.125086046,0.128204707,0.133822927,0.128599905,0.127794144,0.130989621,0.128419736
C,0.126893872,0.129507586,0.129468967,0.125595241,0.133918653,0.127041451,0.131981444,0.129939186,0.127442537,0.123922089,0.121327754,0.122772719,0.127146773,0.130946203,0.124583342,0.123326508,0.132108554,0.124694767,0.120422205,0.122759234,0.126207383,0.12859035,0.124813614,0.124888972,0.129213192,0.131145316,0.129201064,0.127949316,0.131227059,0.133230572,0.124901955,0.131071829,0.133010333,0.128195873,0.131410286,0.125465111,0.126764634,0.134176453,0.130499061,0.125993852,0.132196256,0.124902255,0.130227725,0.125668054,0.126208638,0.131233246,0.131764251,0.133159672,0.128655271,0.128276523,0.133019722,0.129188953,0.134319855,0.133799123,0.132296139,0.128111011,0.125518587,0.130170834,0.131836215,0.134246839,0.132987586,0.133013921,0.129911582,0.134291494,0.126941257,0.126755552,0.126455735,0.132485113,0.127302998,0.132305004,0.131183556,0.127540125,0.133784776,0.134189196,0.126343962,0.130638247,0.133698834,0.129557974,0.125587167,0.132378378,0.128870643,0.134705309,0.127070487,0.134457542,0.126690907,0.126870828,0.132154383,0.132010132,0.126849954,0.130390411,0.127413269,0.131119528,0.131208051,0.129313595,0.125795548,0.131690072,0.129473364,0.132865739,0.132620927,0.129928552
C,0.060606503,0.054725192,0.065253472,0.063603875,0.063005692,0.056051799,0.057906076,0.060455583,0.059832258,0.060231624,0.05349946,0.059584715,0.059530749,0.061627094,0.058908754,0.056529457,0.063725579,0.05987393,0.06146255,0.055881041,0.055084604,0.064500688,0.061419377,0.050715439,0.060060596,0.054439019,0.055926905,0.052076158,0.057610743,0.051219049,0.054418793,0.051635136,0.053683441,0.052682361,0.057053026,0.056778733,0.054796268,0.051972434,0.059373493,0.054692999,0.055173688,0.052454356,0.059209081,0.057725677,0.059160331,0.055441502,0.057753234,0.059736299,0.059122735,0.051468908,0.056216011,0.05083291,0.05624141,0.058107818,0.056721702,0.056447333,0.05082059,0.05464002,0.056637346,0.060224182,0.053728197,0.051272848,0.057943765,0.056804876,0.051748305,0.054604196,0.059536014,0.051119521,0.057269888,0.059350067,0.058417655,0.053086211,0.059437402,0.054293406,0.054504367,0.058142161,0.058364905,0.056736218,0.05807778,0.057516334,0.053307686,0.055809319,0.057810129,0.053065415,0.058076186,0.057268512,0.051417501,0.053085686,0.053438109,0.05940724,0.058176925,0.058360844,0.058757987,0.057506311,0.055788994,0.058457485,0.054016273,0.05332333,0.054877534,0.056877583
C,0.133176451,0.128549656,0.135262773,0.130271263,0.133431796,0.128127745,0.133738193,0.135179098,0.128719239,0.128760938,0.125253649,0.122559332,0.132313247,0.132277287,0.124102546,0.131287596,0.131851145,0.127669031,0.127344204,0.131198672,0.130713299,0.133801473,0.129736792,0.131056164,0.135943288,0.133300364,0.141052205,0.134954108,0.139641307,0.139815723,0.138278961,0.138083846,0.134832888,0.136192832,0.140457978,0.135645776,0.139514983,0.137829823,0.137200654,0.140300786,0.136893904,0.140002158,0.140237157,0.141040492,0.13303745,0.136235854,0.137637704,0.133934082,0.132423504,0.136801481,0.131269315,0.134243339,0.13478726,0.137169486,0.138201504,0.133712604,0.136378448,0.137783398,0.136458866,0.140872007,0.138854397,0.138017303,0.138244385,0.140110811,0.138913251,0.131661373,0.135220463,0.140428888,0.132295092,0.134624392,0.131316459,0.139461098,0.140675111,0.137288581,0.136424757,0.137109019,0.136901639,0.132930094,0.131705261,0.138227177,0.139011344,0.132785855,0.140375473,0.138656329,0.140567962,0.133684792,0.139960455,0.133115451,0.138397584,0.138078627,0.139225684,0.139700212,0.136096654,0.131607317,0.137604191,0.140633197,0.138439151,0.136502891,0.131097047,0.13374069
C,0.128427314,0.1262781,0.132310682,0.128820865,0.128329081,0.124352174,0.129352675,0.129662613,0.12718132,0.125986101,0.122671462,0.122261599,0.128705805,0.127224442,0.122579411,0.126430206,0.127024422,0.124468789,0.123584999,0.127291523,0.126942114,0.130575743,0.125794034,0.125956544,0.130740299,0.129028255,0.135318562,0.12626471,0.130638415,0.12952772,0.135270271,0.135452656,0.130389917,0.130894452,0.130762398,0.127119228,0.128473724,0.129751689,0.13244626,0.126883459,0.135674731,0.135258361,0.132765051,0.134581206,0.131436214,0.130280474,0.135142255,0.131482289,0.132808536,0.129805585,0.129831471,0.130982597,0.129811028,0.126539642,0.135767264,0.135595787,0.132277459,0.127242985,0.128258407,0.126803061,0.131577227,0.132902924,0.130927256,0.133269722,0.132362005,0.134593447,0.134101191,0.134919804,0.128148295,0.126140634,0.12939863,0.131556639,0.133427659,0.129393548,0.135833393,0.133124642,0.133788062,0.135951872,0.128351276,0.134120117,0.135446979,0.132586432,0.133543175,0.134542887,0.133027855,0.130201567,0.131642603,0.126258591,0.13546989,0.130876499,0.134181984,0.134635239,0.135039688,0.131142927,0.130469556,0.133122907,0.129040044,0.128306175,0.129557654,0.128503822
C,0.123250281,0.119410983,0.126830949,0.123304675,0.124377175,0.118809103,0.122505583,0.123627938,0.120938943,0.121085739,0.116162762,0.115459382,0.122036683,0.120794394,0.116890632,0.119335304,0.122353744,0.118794038,0.119191195,0.121123815,0.117979066,0.125115803,0.121853243,0.118000741,0.125164025,0.118954862,0.121403354,0.127853017,0.127960224,0.11809963,0.124063555,0.118337891,0.124814368,0.125608962,0.127363842,0.122496134,0.121755159,0.123200058,0.118884044,0.127982993,0.127631655,0.125946981,0.12486022,0.12539855,0.127893058,0.1193951,0.126237633,0.121349648,0.118363407,0.119726838,0.126468279,0.126066584,0.122810186,0.121404599,0.120397616,0.123154732,0.121346938,0.118630255,0.122294944,0.127205179,0.119067155,0.12249802,0.120434683,0.118232197,0.127704549,0.123104775,0.122952287,0.123232264,0.126995029,0.12769477,0.122054228,0.11829264,0.123667207,0.118475304,0.124988807,0.122502945,0.126607645,0.120304805,0.119529444,0.124606977,0.124105492,0.12040239,0.125424638,0.123894073,0.127327439,0.123718998,0.127737805,0.12460676,0.124292265,0.121025202,0.123386736,0.120731453,0.125503931,0.127456105,0.12016738,0.119353476,0.125039454,0.123739139,0.120146426,0.127273191
C,0.131623049,0.125491584,0.131429293,0.12997136,0.131956142,0.127132057,0.132589232,0.131374466,0.125435683,0.119144948,0.11681268,0.119697421,0.131143106,0.124610262,0.114303417,0.126272864,0.122048318,0.118609525,0.12694886,0.12905507,0.123026644,0.130536908,0.123682242,0.129873352,0.137981897,0.131970621,0.138664429,0.139795003,0.13188271,0.136093961,0.134782382,0.135181002,0.133263151,0.139603511,0.138647346,0.137974188,0.139268289,0.134345182,0.138617106,0.135675514,0.132526017,0.139733366,0.138143806,0.131971133,0.138503341,0.132976113,0.138790301,0.133139331,0.138737617,0.137074153,0.136691708,0.134931345,0.130464409,0.133548121,0.134192983,0.132144454,0.130820218,0.13837447,0.136802352,0.130458646,0.13013456,0.139666348,0.135041082,0.135266895,0.132795792,0.13111893,0.13105996,0.134607159,0.133061593,0.134722617,0.138380402,0.135537978,0.130670782,0.136986503,0.135095157,0.134460695,0.131909172,0.13036013,0.138171905,0.132017005,0.133959785,0.136315764,0.129884795,0.139637712,0.135377382,0.138448079,0.138832798,0.130972134,0.137552182,0.133991973,0.130070644,0.132158611,0.135336859,0.13340793,0.134797505,0.136929226,0.137636748,0.133923428,0.136477447,0.133099841
C,0.055498642,0.050700482,0.058882655,0.05740885,0.057369444,0.051819021,0.054039725,0.05526659,0.053973249,0.055474902,0.049855778,0.054391384,0.053831583,0.057775308,0.054317112,0.051805033,0.05855077,0.054487022,0.055757261,0.050443392,0.050394242,0.057885356,0.05752134,0.045844757,0.053489503,0.046474098,0.045906972,0.046069169,0.049194817,0.052515543,0.054973355,0.051428373,0.052935568,0.049121327,0.050957117,0.055087444,0.046916477,0.051876964,0.052438633,0.052608577,0.052005187,0.052618513,0.050581373,0.046103431,0.04871634,0.048984957,0.054498675,0.055224033,0.047062315,0.048634983,0.053877685,0.051406394,0.052955388,0.050804969,0.048336088,0.053339075,0.052178058,0.052822951,0.049078248,0.048337969,0.053894737,0.051653018,0.048771173,0.050107429,0.052810056,0.055029685,0.04602733,0.055553652,0.052554722,0.046993121,0.055355232,0.04677109,0.051378425,0.046856154,0.05271457,0.048990601,0.053052263,0.050736067,0.047221408,0.052037919,0.05309784,0.049635042,0.051807813,0.053079569,0.052229437,0.047810008,0.054270719,0.053771694,0.053276338,0.048326765,0.046089337,0.053784337,0.048640857,0.049168568,0.052626037,0.051343707,0.050894656,0.051764686,0.053821074,0.055156144
C,0.131484858,0.126799118,0.133658175,0.128462283,0.131797643,0.12650347,0.131849855,0.133151057,0.127072232,0.12717964,0.123710073,0.121041232,0.130306461,0.130283551,0.122550997,0.129370589,0.129962294,0.125935493,0.125886257,0.12932528,0.128590058,0.131944507,0.12807568,0.129072157,0.133203813,0.132085782,0.13498043,0.135482969,0.138956249,0.134746457,0.134428307,0.137256276,0.136997433,0.138552485,0.138814633,0.135690672,0.137525942,0.137378457,0.132768993,0.134915336,0.132919903,0.12920968,0.134061839,0.133967122,0.139046068,0.135201986,0.139026462,0.131541305,0.137393213,0.137251974,0.13827514,0.131214871,0.138957004,0.129401051,0.136582043,0.129177555,0.137994432,0.135128565,0.131222516,0.133337283,0.130250196,0.137847797,0.130311461,0.134543687,0.130098015,0.13361603,0.138798474,0.131768301,0.13527059,0.134294941,0.132151414,0.138088976,0.138237954,0.138431126,0.132455314,0.13088228,0.133551585,0.139030538,0.136246766,0.137207857,0.134630784,0.136940401,0.135515215,0.134026437,0.135767502,0.134820854,0.132526124,0.131212613,0.136246267,0.13395942,0.129412541,0.134975934,0.136075175,0.135824027,0.130316909,0.138077087,0.129886877,0.132485715,0.132971122,0.135867868
C,0.125252741,0.123138039,0.129174766,0.12569068,0.125576041,0.12165348,0.126001065,0.126179043,0.124025941,0.123114628,0.120142339,0.119679446,0.125323455,0.12373276,0.119569577,0.123130084,0.123878097,0.1212389,0.120929103,0.123864362,0.122556743,0.127183842,0.122623431,0.122217788,0.1261732,0.127638447,0.127663259,0.128680354,0.131640921,0.128117416,0.12550079,0.124968704,0.126577735,0.130590332,0.129083778,0.123765943,0.123238143,0.131694364,0.125884976,0.132097513,0.130710347,0.123835831,0.129947362,0.12940252,0.126606413,0.126424056,0.127226147,0.125918302,0.128906534,0.130373094,0.122896993,0.124715993,0.125437696,0.131628725,0.124540072,0.128015153,0.129278711,0.128971512,0.12397862,0.126772297,0.130440359,0.125521969,0.123111144,0.131916928,0.127716834,0.124671511,0.126696196,0.130955075,0.124650413,0.126840198,0.124194153,0.130179125,0.126651549,0.127113816,0.130306652,0.126038586,0.13097772,0.132075999,0.125217615,0.12616749,0.131648182,0.125894474,0.127717374,0.129427465,0.131621151,0.130969451,0.122660748,0.12799448,0.123244824,0.13125939,0.130338911,0.126671708,0.130649658,0.123638544,0.125556791,0.130837746,0.131617302,0.127373955,0.126472013,0.13155319
C,0.118015864,0.114355478,0.12102204,0.117976936,0.119192478,0.114046822,0.117351801,0.118324554,0.115287828,0.116174681,0.111710648,0.11033945,0.11566743,0.114862777,0.111813842,0.113918296,0.116978777,0.112913906,0.113503523,0.114816034,0.111301212,0.119529219,0.116286928,0.111424627,0.117409886,0.115872848,0.1167024,0.119427933,0.113794099,0.111795748,0.111441896,0.111921039,0.120835485,0.113385592,0.113241717,0.113175453,0.118653073,0.112679633,0.112087428,0.120841918,0.119952595,0.119561254,0.114862722,0.113822222,0.115837986,0.114248535,0.1115215,0.116672822,0.120533005,0.115939415,0.121172066,0.120950792,0.118354946,0.118459312,0.115390608,0.118178472,0.118256949,0.120397077,0.116892008,0.116366752,0.118405629,0.111669145,0.111847841,0.12126916,0.114003494,0.11228715,0.112750412,0.114303886,0.114361439,0.112942798,0.118177169,0.120514754,0.117900161,0.115384453,0.11594716,0.111902527,0.113085624,0.119718829,0.119524716,0.113078504,0.120409771,0.116103373,0.116160286,0.120602694,0.116849741,0.113773611,0.115240201,0.114488216,0.118890833,0.116595637,0.118592739,0.121116246,0.114728808,0.112690157,0.121153455,0.112743451,0.114572588,0.113226718,0.119565031,0.112553627
C,0.125917593,0.121226766,0.131025746,0.119429957,0.121810638,0.126394329,0.130433371,0.126476223,0.121168581,0.1257458,0.115990268,0.115222711,0.128003179,0.12437031,0.119907516,0.128206541,0.120636375,0.119829946,0.122930182,0.122603006,0.120001848,0.126819143,0.119427742,0.127897672,0.134170798,0.130666632,0.135894511,0.137761455,0.133162885,0.135559678,0.137100423,0.13188973,0.133767823,0.1340875,0.135165536,0.132894057,0.129982662,0.130066416,0.134364982,0.137171331,0.128236791,0.129051534,0.136005438,0.128198591,0.132042132,0.137092817,0.129424839,0.132206433,0.136059031,0.130788908,0.132248346,0.130206848,0.133812594,0.137148994,0.134564629,0.136119923,0.128769704,0.137542475,0.128621929,0.136484981,0.135457204,0.130213879,0.131060992,0.137144895,0.136631958,0.1362735,0.13417469,0.137222398,0.137679011,0.136506394,0.131236231,0.134150027,0.128440027,0.129960239,0.133866385,0.136982839,0.133495891,0.129223387,0.137183752,0.134400702,0.136633775,0.13248598,0.137351975,0.129656612,0.134122549,0.13064625,0.13326004,0.135230576,0.129870414,0.137778699,0.136315758,0.135601081,0.136184429,0.134810827,0.132462632,0.129178419,0.131387239,0.13172926,0.137197441,0.131041289
C,0.054342369,0.049650366,0.055627683,0.054102666,0.054886175,0.051383716,0.053712366,0.05369631,0.052183272,0.053838622,0.049698883,0.053247704,0.052828975,0.05628811,0.052667148,0.050906365,0.057207496,0.053123437,0.053554324,0.049068339,0.049756171,0.054397298,0.056797549,0.046334973,0.046914017,0.053284803,0.04757521,0.048143268,0.047016787,0.047026945,0.054076112,0.050183638,0.055279218,0.050722198,0.055041373,0.053215946,0.047348634,0.053405896,0.052732218,0.049995941,0.052814007,0.052551182,0.05158245,0.052854713,0.052625243,0.050560499,0.047000819,0.055526243,0.04652531,0.046438771,0.055230891,0.047162038,0.049695024,0.051657082,0.055040533,0.04780284,0.048431585,0.053373916,0.051400696,0.051324668,0.050079674,0.056146138,0.051044033,0.05486998,0.055018634,0.046980686,0.047165094,0.053689465,0.051128037,0.050033209,0.051535743,0.049948816,0.047240145,0.055634769,0.048298531,0.047097891,0.05554695,0.055195728,0.054736351,0.047357465,0.054771644,0.056194375,0.04814001,0.055642861,0.051504842,0.04863948,0.055928523,0.04718126,0.051807269,0.053815233,0.049152433,0.050764655,0.048996541,0.054935843,0.052532394,0.046589303,0.048222526,0.053917888,0.053510918,0.049382536
C,0.129049655,0.124375756,0.131126949,0.125981829,0.129560375,0.124359766,0.129265096,0.130437462,0.124727502,0.124871398,0.121595621,0.11896934,0.127630872,0.127498373,0.120324566,0.126748664,0.127401434,0.123497351,0.123807122,0.12672691,0.125564237,0.129382707,0.125604059,0.126327789,0.131890828,0.134774695,0.130700738,0.129672509,0.130560224,0.130594748,0.135073959,0.126517216,0.126488887,0.134405158,0.128968734,0.128641058,0.128879031,0.128086517,0.136123014,0.131922478,0.134593744,0.134654943,0.1278636,0.129217976,0.132872964,0.131970621,0.132005691,0.12989178,0.129691874,0.135045219,0.134850722,0.127047995,0.13220481,0.134566509,0.129866263,0.126503785,0.132892582,0.133612578,0.129046222,0.127387444,0.132275303,0.12654269,0.13035983,0.130573985,0.128725665,0.132271166,0.126476208,0.135989939,0.130442451,0.127382345,0.130427026,0.135941205,0.126452155,0.13157143,0.12842155,0.13186281,0.131623111,0.135064583,0.135101772,0.135318338,0.135455443,0.135545361,0.13520523,0.130757191,0.131457484,0.131712829,0.132072782,0.127531543,0.13515413,0.131124341,0.133684205,0.13540454,0.130504753,0.126999963,0.13353582,0.136111512,0.134454187,0.128338764,0.127431143,0.131810897
C,0.121595144,0.119581692,0.125376245,0.121880432,0.122371926,0.118586516,0.122284215,0.122579062,0.12043707,0.119704387,0.117111702,0.116908102,0.121277954,0.119514432,0.116014322,0.119592716,0.120379681,0.117602442,0.117550512,0.119802325,0.117335318,0.123317917,0.118996651,0.117779714,0.123178182,0.125624174,0.117849737,0.120213149,0.124187898,0.126812656,0.122481816,0.12624582,0.127519362,0.121104318,0.127053357,0.121136376,0.127728684,0.120987833,0.123266791,0.120367574,0.118055816,0.120013477,0.119820177,0.127084784,0.125069392,0.122794051,0.118828307,0.126556866,0.125126505,0.125283785,0.118202267,0.125801663,0.124178628,0.118311623,0.123352454,0.122784943,0.12719849,0.126601271,0.122243634,0.124539208,0.123229533,0.121820953,0.120171349,0.125213397,0.118167857,0.120939416,0.126003436,0.119897343,0.120853516,0.126970247,0.123960934,0.117835191,0.118572902,0.122438646,0.124722894,0.125501877,0.118156816,0.118959634,0.125765527,0.125839179,0.122697782,0.127596216,0.124141908,0.117943413,0.118543074,0.127564768,0.120517592,0.119670522,0.119909286,0.124618493,0.124830313,0.126695286,0.121852466,0.12469318,0.127130449,0.125782687,0.121218275,0.124867722,0.125062943,0.126484173
C,0.113992014,0.110430952,0.116388921,0.113486469,0.114681122,0.110772617,0.114283856,0.114483361,0.110939053,0.112447865,0.108700618,0.106891717,0.111309755,0.110927121,0.107583421,0.110155433,0.112702834,0.108661918,0.108758325,0.10984913,0.10571003,0.114521343,0.112104375,0.106660923,0.107434287,0.108553102,0.112539618,0.107722433,0.116016674,0.111747576,0.110120626,0.114573866,0.111214411,0.110173544,0.106778249,0.112526703,0.111777011,0.109906089,0.109894301,0.109736367,0.113269968,0.112316878,0.116213903,0.115598759,0.10754521,0.110099329,0.108413846,0.112721123,0.111007186,0.110325221,0.108021239,0.10787155,0.113619314,0.113224439,0.107093591,0.111227056,0.11182193,0.113662949,0.116246559,0.109671236,0.108691194,0.108258426,0.108257946,0.114281015,0.113771734,0.110999305,0.116473736,0.11630971,0.111833616,0.109475717,0.109730991,0.116468958,0.112548391,0.116061851,0.114401132,0.115139568,0.111231222,0.115396399,0.116464535,0.10870424,0.112808762,0.113234534,0.108276836,0.11305343,0.109517973,0.111939373,0.112656947,0.112596636,0.107015145,0.108995952,0.11040513,0.106984616,0.112484583,0.109251762,0.112463491,0.110516159,0.114738032,0.116411444,0.116357554,0.108813125
C,0.064108973,0.057672947,0.063677561,0.058771493,0.061568833,0.061246942,0.062406721,0.06227127,0.061713279,0.06152225,0.060502228,0.063196227,0.063025702,0.064473722,0.059204513,0.059288374,0.065546553,0.060541215,0.060227127,0.056979063,0.058874681,0.060821943,0.063870865,0.058062578,0.067116398,0.058566473,0.062696454,0.05829443,0.067996176,0.062170584,0.06154853,0.064179356,0.065257852,0.063996795,0.061872947,0.059487537,0.064164563,0.066278258,0.063607089,0.067622633,0.059046271,0.059875371,0.067673393,0.060802752,0.061900614,0.061359753,0.065150093,0.062225855,0.063951698,0.060052965,0.067563828,0.059259735,0.062535098,0.066115936,0.060994895,0.062448567,0.067072431,0.060523204,0.058563712,0.061020351,0.067787142,0.065812096,0.058795018,0.065340119,0.066315809,0.064050563,0.06682038,0.061649198,0.058611286,0.062232509,0.061225454,0.059903682,0.065890143,0.060259688,0.065399446,0.067529489,0.063167252,0.063274565,0.065357612,0.058344404,0.065154455,0.065112648,0.061941219,0.06341304,0.05822556,0.06611831,0.060875461,0.067583974,0.064584304,0.067280407,0.061627356,0.066327571,0.063083675,0.060930101,0.064670228,0.060210177,0.066140681,0.065713304,0.063301853,0.063638014
C,0.064132716,0.057747512,0.063711117,0.058812222,0.061644003,0.061249975,0.062498008,0.062295353,0.061748398,0.061589086,0.060574133,0.063293872,0.063086968,0.064494271,0.059227469,0.059376466,0.065596273,0.060606228,0.060326636,0.057034381,0.058930125,0.06091271,0.063906466,0.058099325,0.067147387,0.058625625,0.062762599,0.058333645,0.068006877,0.062185806,0.061638582,0.064275235,0.065279691,0.064060523,0.061920901,0.059533403,0.064248889,0.066281973,0.063614673,0.06763586,0.059114098,0.059962243,0.067701519,0.060891836,0.061963341,0.061371786,0.065218656,0.062241208,0.064044469,0.060090876,0.067611317,0.05926601,0.062595199,0.066140362,0.061016662,0.062486915,0.067131537,0.060559319,0.058644305,0.061091206,0.067825933,0.065859504,0.058830504,0.065436473,0.066375894,0.064051682,0.066852575,0.06172126,0.058660942,0.062274487,0.061265733,0.059927233,0.06598148,0.060284498,0.065427914,0.067549758,0.063192721,0.063315067,0.06535998,0.058424332,0.065172909,0.065202139,0.061981011,0.063487352,0.058266349,0.066118548,0.060888586,0.067611004,0.064660179,0.067332699,0.061722327,0.066342506,0.063155163,0.060977624,0.064766288,0.060267478,0.066208989,0.065804663,0.063378902,0.0637289
D,0.100371087,0.094574405,0.099012046,0.095668808,0.099900515,0.094960111,0.099696669,0.10067373,0.093910456,0.095568843,0.093150848,0.087708298,0.099208117,0.098908244,0.089326235,0.099882349,0.096065463,0.0935265,0.094947961,0.096560939,0.095356605,0.097409483,0.094590202,0.098293813,0.101110752,0.099435179,0.097792025,0.088479502,0.101792446,0.101860799,0.094730897,0.095103521,0.092008409,0.089794663,0.092545228,0.094889698,0.090079169,0.095460207,0.095663188,0.091574998,0.090185563,0.089050462,0.094652441,0.096862965,0.099601893,0.093661322,0.093452178,0.097968977,0.093773524,0.096915027,0.091634317,0.095777058,0.085708485,0.085999048,0.089139177,0.093747653,0.092152093,0.092825067,0.095117884,0.092998669,0.087576436,0.096192488,0.099273318,0.091460336,0.092951045,0.099747332,0.093951445,0.09196454,0.09097204,0.087158694,0.094649196,0.096272669,0.093241831,0.097823807,0.094366004,0.098780057,0.097184048,0.090173865,0.085725264,0.096733438,0.088726919,0.096668965,0.091880819,0.087235152,0.093315446,0.09230271,0.096316919,0.096049867,0.096861288,0.093562328,0.088883514,0.086179989,0.094938982,0.096756106,0.093839223,0.093006468,0.096117716,0.091022847,0.092341925,0.092536711
D,0.121283621,0.116468258,0.121975577,0.117881845,0.121629542,0.116450646,0.121302913,0.122714736,0.116108821,0.116612471,0.113960008,0.109778412,0.120212067,0.120076357,0.11185875,0.1196494,0.118670974,0.115561537,0.115663508,0.118861681,0.117861683,0.12064747,0.117385675,0.118986804,0.122133621,0.120009286,0.119309574,0.11249804,0.122572325,0.123286964,0.116355719,0.117031195,0.111517094,0.114192547,0.114871864,0.116696406,0.111780306,0.116244252,0.116643706,0.113120763,0.109780846,0.110383175,0.114779569,0.117096499,0.120771688,0.115054655,0.115050272,0.119214109,0.116942069,0.11920492,0.113894439,0.11874696,0.108181577,0.108606112,0.110562926,0.114103348,0.113230982,0.1133652,0.11330934,0.114243617,0.108208563,0.115943566,0.119478611,0.113531849,0.112140375,0.119954589,0.117482334,0.112596931,0.111116261,0.107997932,0.117027936,0.117788003,0.115209615,0.12001986,0.116981577,0.119810794,0.117415219,0.111998456,0.10847712,0.119261713,0.11201106,0.119181883,0.113164841,0.110079587,0.113648664,0.114818664,0.116644606,0.116114876,0.118063048,0.11559012,0.111236379,0.110211232,0.116279008,0.119512724,0.115949641,0.115614081,0.118169431,0.113086841,0.11373963,0.113968923
D,0.130073405,0.127551604,0.133287915,0.129236697,0.131549036,0.12621029,0.131560945,0.132796805,0.127917574,0.126722899,0.122976597,0.12176707,0.130191606,0.129563053,0.124203341,0.128196497,0.1293482,0.12667371,0.125227507,0.129532739,0.129115485,0.132908746,0.128364311,0.127853374,0.131653469,0.129614334,0.129299955,0.126103128,0.131769591,0.132746439,0.126065482,0.127626526,0.120475822,0.127770331,0.125688251,0.127369271,0.123083738,0.125624743,0.126659726,0.124533937,0.119556735,0.121230021,0.124376169,0.126141581,0.13006024,0.125061293,0.125889107,0.129365793,0.128685314,0.129850196,0.12548976,0.130123523,0.120544949,0.120134463,0.12203717,0.124001664,0.123889007,0.124043247,0.121254525,0.125383847,0.11915458,0.125048845,0.127846094,0.124400828,0.12027054,0.129271383,0.129291516,0.122041021,0.121720291,0.119053285,0.127563683,0.12800106,0.125886012,0.130861748,0.129257455,0.128895622,0.126894545,0.122550624,0.121140916,0.130190427,0.124129451,0.129792364,0.123736462,0.121965949,0.124121724,0.126501663,0.126063861,0.125474408,0.128616038,0.126478352,0.123216796,0.123182899,0.127153721,0.130842297,0.127079292,0.126899863,0.128990836,0.124439334,0.124079746,0.124640255
D,0.124143326,0.122670493,0.127809296,0.124955781,0.124888314,0.120656049,0.125545405,0.126102566,0.123203455,0.121931031,0.118948934,0.118302052,0.124786046,0.123368648,0.119386993,0.122372225,0.122873551,0.121062797,0.119858527,0.123546828,0.123245344,0.126651735,0.122113233,0.121965303,0.125795081,0.124224024,0.12388963,0.121967782,0.125366889,0.126013246,0.120611299,0.122235219,0.117118985,0.122756859,0.119680862,0.122135109,0.118164919,0.119811108,0.122074461,0.119654322,0.115750992,0.117401257,0.12002358,0.12057063,0.123517991,0.118784036,0.121793501,0.124042788,0.122085009,0.124123848,0.1215546,0.124328962,0.116492452,0.11630434,0.117352802,0.118634268,0.119054741,0.120290464,0.117698097,0.12076876,0.116049331,0.121048504,0.121095943,0.119827808,0.115116817,0.123612995,0.12290461,0.117659586,0.118187092,0.116895453,0.121731118,0.122399802,0.12079396,0.126097505,0.12383623,0.122923482,0.121371851,0.117244114,0.117038955,0.124735339,0.11943627,0.123898993,0.11885731,0.115490996,0.119740657,0.122404382,0.121686492,0.120590179,0.123172147,0.121590132,0.118777264,0.118392609,0.121660489,0.125839174,0.12142631,0.121680874,0.122395559,0.120521577,0.118630344,0.118254696
D,0.097843437,0.093618331,0.102413039,0.099741907,0.100273079,0.093436041,0.096651964,0.098499124,0.097393059,0.096481504,0.089846501,0.092870474,0.097424665,0.09742231,0.09482825,0.093967619,0.099916601,0.096220318,0.096844421,0.095810321,0.093029406,0.102124904,0.098183891,0.090656472,0.099276221,0.0980747,0.098014576,0.09671973,0.097268334,0.099148349,0.092452771,0.094727239,0.088179561,0.096303372,0.095693698,0.093157395,0.095237269,0.093797558,0.095749233,0.094799478,0.087625197,0.088406516,0.092410348,0.092809753,0.099589862,0.095193943,0.095464028,0.097779916,0.095747192,0.095528202,0.094319613,0.099601206,0.08882418,0.092888356,0.094482163,0.089906467,0.090512954,0.093488138,0.088678993,0.095439672,0.087369931,0.093630146,0.094354549,0.094367858,0.086041994,0.096393738,0.096670029,0.089450828,0.091138684,0.092600196,0.098047462,0.097042269,0.095190513,0.099651079,0.098460228,0.097067879,0.094865935,0.092027249,0.091646015,0.100226452,0.09443767,0.097713116,0.09336585,0.091604154,0.091139127,0.09435409,0.091181166,0.092723991,0.097020495,0.09635424,0.093401508,0.096686879,0.098781391,0.098534374,0.0964266,0.097686723,0.099286391,0.094501059,0.093934118,0.095973029
D,0.096582956,0.091049509,0.095200996,0.091889804,0.096409666,0.091594312,0.09584257,0.096704789,0.090312508,0.091872773,0.089803395,0.084408581,0.095402525,0.094584586,0.086051523,0.095743435,0.092224228,0.090040559,0.09159858,0.092844618,0.091441004,0.09348705,0.090964219,0.094362731,0.097038007,0.095625184,0.094225717,0.084971197,0.098131595,0.097939166,0.091262682,0.091437306,0.088348112,0.086279345,0.089337506,0.09107025,0.086284015,0.091952184,0.092224638,0.087967772,0.086016801,0.085527121,0.091622523,0.093608255,0.095686853,0.089592697,0.089864854,0.094013905,0.089860735,0.093468044,0.088211102,0.092567772,0.082373674,0.082423253,0.086253163,0.089639698,0.088193036,0.088941526,0.091604194,0.089138566,0.084522608,0.093021864,0.095064428,0.08813095,0.08875867,0.096167967,0.090252523,0.088254528,0.087401424,0.084452049,0.090733286,0.092660435,0.08979886,0.094036247,0.091175378,0.095209648,0.093665384,0.086904517,0.082441424,0.093398946,0.084798725,0.093068824,0.088440013,0.083860066,0.090185457,0.088722306,0.092626604,0.092227408,0.093275401,0.089830363,0.085230722,0.08283547,0.091492594,0.093107192,0.090202333,0.089679622,0.092598039,0.087685085,0.089138944,0.088474847
D,0.116514311,0.112064263,0.117066454,0.113151903,0.117278889,0.112182343,0.116456387,0.117773998,0.111527362,0.111945845,0.109704831,0.105571563,0.115393906,0.114785009,0.107699869,0.114538613,0.113840403,0.111070698,0.111509338,0.114008325,0.112694731,0.115695694,0.112667701,0.113951078,0.117106768,0.115265097,0.1149221,0.107999304,0.117857091,0.118464618,0.112064368,0.112287817,0.106849216,0.109696512,0.110642809,0.111885731,0.106884452,0.111794004,0.112366002,0.108616316,0.104580986,0.10596,0.111049757,0.112953251,0.115909722,0.110135117,0.110470307,0.114234081,0.111953534,0.114705796,0.10959566,0.114544458,0.103853438,0.10417633,0.106833697,0.109005517,0.108179221,0.108708955,0.108993555,0.109536715,0.104257432,0.112001856,0.114202141,0.109252905,0.106980876,0.115605978,0.112628547,0.107955837,0.10668234,0.104556356,0.112136697,0.113325049,0.110715891,0.115203426,0.112812515,0.115364446,0.113018453,0.107824362,0.104188174,0.115127254,0.106950011,0.114654153,0.108824373,0.105641511,0.109620944,0.110407957,0.111811545,0.111366143,0.113595319,0.110867122,0.106630717,0.105974897,0.111934646,0.115064487,0.11130484,0.111365289,0.113612515,0.108781886,0.109674445,0.108843398
D,0.124889219,0.122726978,0.127885446,0.123934555,0.126892445,0.121506038,0.126241028,0.12737416,0.122861761,0.121579289,0.118406724,0.117139005,0.124774598,0.123917092,0.119547507,0.122695532,0.124077578,0.12158749,0.12077076,0.12408224,0.123008256,0.127438551,0.123027092,0.122148791,0.126265491,0.124394613,0.124613379,0.121028003,0.126463591,0.127452452,0.121444211,0.122301956,0.11520925,0.122712946,0.121013465,0.122092215,0.117651876,0.120670949,0.121915877,0.119564829,0.113821498,0.116367325,0.120442813,0.121527237,0.124916886,0.119727293,0.120829033,0.123914088,0.123141378,0.124699943,0.120743462,0.125404038,0.115655587,0.115428976,0.117877693,0.118457189,0.118192549,0.119052319,0.116558609,0.120323875,0.114613667,0.120804995,0.122098323,0.119674324,0.114664245,0.124583839,0.123877669,0.117019003,0.116716784,0.115239692,0.12228268,0.123243346,0.120840936,0.125529999,0.124473787,0.124096502,0.122045392,0.117883693,0.11628049,0.12564934,0.118443075,0.124810251,0.118900954,0.116854693,0.119554099,0.121655257,0.120649615,0.120290185,0.123685115,0.121337412,0.118099374,0.11856795,0.1223965,0.126083798,0.121822028,0.122155029,0.123879245,0.119649779,0.119621453,0.118928137
D,0.119082768,0.117873736,0.122662566,0.119742953,0.120464041,0.116206312,0.120323016,0.120957707,0.118503937,0.117101898,0.114726919,0.113855124,0.119396368,0.117873046,0.114651462,0.117235502,0.118212048,0.116143848,0.115587515,0.118172597,0.116912586,0.12138525,0.117113521,0.116234366,0.120726936,0.11897866,0.119400558,0.116962731,0.120028711,0.120878182,0.116308466,0.11693321,0.111943538,0.117876556,0.115461087,0.116895516,0.113136981,0.114955336,0.117440632,0.115047959,0.110152777,0.112533748,0.115993505,0.116054905,0.118862865,0.113380525,0.117120001,0.118676603,0.116791599,0.118994131,0.116933303,0.119924077,0.111693189,0.11194663,0.113177893,0.113473229,0.113511291,0.115480291,0.112836672,0.116150082,0.111486556,0.11679306,0.11551821,0.115348172,0.109674924,0.118919123,0.117921654,0.113014814,0.113206889,0.113064664,0.116880968,0.118155677,0.115948671,0.120871181,0.119072087,0.118269725,0.116782024,0.112635663,0.112446593,0.120350586,0.114000946,0.11920607,0.114014929,0.110704821,0.115236285,0.117866714,0.116272494,0.115327867,0.11832171,0.116746902,0.113769457,0.114050794,0.117113143,0.121545718,0.116424778,0.117227532,0.117433006,0.116048267,0.114485942,0.11284717
D,0.092780816,0.088553705,0.096000792,0.094005699,0.094221788,0.088807346,0.091588663,0.092974551,0.090899233,0.091464594,0.085562194,0.087079556,0.090486724,0.092029134,0.089455133,0.088284039,0.094235964,0.0897104,0.090734665,0.088971375,0.08613771,0.09565108,0.092437866,0.083549717,0.092393128,0.091253658,0.093420527,0.089878039,0.089509141,0.09281852,0.087720048,0.087617395,0.083025247,0.089448784,0.090121823,0.086101211,0.089974564,0.088090814,0.09076563,0.089281184,0.082962084,0.082796814,0.087106814,0.085728592,0.09426568,0.089442662,0.0890719,0.091247551,0.090672856,0.08913895,0.08867277,0.093723618,0.083607251,0.088696307,0.088574265,0.084094481,0.084459424,0.087717261,0.083731513,0.090814799,0.082798764,0.087930531,0.08754139,0.088970741,0.081445011,0.089627777,0.08980782,0.086615585,0.085490969,0.087041439,0.09141027,0.091074167,0.089923539,0.093403241,0.091862777,0.092011609,0.088924817,0.087255174,0.086836443,0.094536875,0.088202764,0.09326095,0.087398277,0.087423485,0.085586095,0.089432328,0.083840947,0.086162083,0.09141974,0.091806022,0.087474154,0.092037884,0.092068509,0.093142236,0.090155654,0.092172775,0.0925675,0.089543842,0.087888624,0.089750067
D,0.091408347,0.08609406,0.0897761,0.086667381,0.091740616,0.087060025,0.090671278,0.091511166,0.085536116,0.086699539,0.085381306,0.080292315,0.09013298,0.088647942,0.081361212,0.090237911,0.087120014,0.085343803,0.086878538,0.087732636,0.085743282,0.088281276,0.085902379,0.088966346,0.091611467,0.090450812,0.08945407,0.080206433,0.092983894,0.093025186,0.086490914,0.086332607,0.083280781,0.081465752,0.08490843,0.085968972,0.080832676,0.087092228,0.087635726,0.083169386,0.080417713,0.080649616,0.087533121,0.089193307,0.090336974,0.083671532,0.085033255,0.088260915,0.084225097,0.08876659,0.083533761,0.088158413,0.077915543,0.0774784,0.082186167,0.084338364,0.082890334,0.083886817,0.086665288,0.084086203,0.079975075,0.088620954,0.089299484,0.083573241,0.083188503,0.09150955,0.085354007,0.083368861,0.082421091,0.080760631,0.08507032,0.087658863,0.084889616,0.08859366,0.086689356,0.09022882,0.0887866,0.082163813,0.078090312,0.08890677,0.079406582,0.088058749,0.08361145,0.079072118,0.085953701,0.08393687,0.087225273,0.08694668,0.088597203,0.084702112,0.080254019,0.078061155,0.086777377,0.088352313,0.085287658,0.084986765,0.087654031,0.083160023,0.084777852,0.08294514
D,0.110342788,0.106162887,0.110444592,0.106830628,0.11164807,0.10677713,0.110264795,0.111576005,0.10583078,0.105821251,0.104378428,0.100417644,0.108989771,0.107912002,0.101949729,0.108180016,0.107873831,0.105222922,0.106011351,0.107743773,0.105570702,0.109493507,0.106513927,0.107329364,0.110785064,0.109061214,0.109224363,0.102097385,0.111454661,0.112520701,0.106333061,0.105969232,0.100726246,0.103707128,0.105154935,0.105774061,0.100412655,0.105939905,0.106958161,0.10283685,0.098109332,0.100068547,0.10626731,0.107495394,0.109635893,0.103277726,0.104611497,0.107419828,0.10518388,0.108785524,0.103973158,0.109072194,0.098304834,0.09835112,0.101718942,0.102716563,0.101708628,0.102820034,0.103271796,0.103609812,0.098752751,0.106797797,0.107488729,0.103594696,0.10044793,0.110105822,0.106548432,0.102161649,0.10080529,0.100073028,0.105414306,0.107418575,0.104668671,0.108664549,0.107246808,0.109467627,0.107143891,0.101970413,0.098726104,0.10961472,0.10033814,0.108672695,0.102998583,0.099707621,0.104363547,0.104690964,0.105247458,0.105173611,0.10803895,0.104790758,0.100667611,0.10016542,0.106310218,0.109454496,0.105278613,0.105693687,0.107589452,0.103255084,0.104355281,0.102230406
D,0.118759695,0.116824082,0.120926395,0.117431019,0.121280269,0.116185081,0.11999093,0.121019898,0.117041267,0.115405064,0.113235659,0.111743726,0.118250908,0.117239752,0.113571454,0.116436566,0.118186634,0.115422715,0.115353104,0.117551013,0.115231439,0.12105451,0.116677985,0.115283095,0.119965998,0.1179944,0.118951347,0.114842647,0.119717897,0.121356352,0.115668227,0.11562707,0.108913044,0.116378552,0.115456812,0.115942447,0.111171159,0.114697748,0.116533424,0.113684608,0.107403344,0.110324854,0.115763487,0.115891804,0.118636278,0.112899558,0.114828244,0.116932511,0.116248637,0.118388395,0.1149184,0.119767583,0.109807328,0.109843027,0.112598072,0.11205579,0.111475257,0.113189812,0.110825482,0.114548915,0.109023444,0.115620845,0.11537656,0.113752806,0.108057209,0.119110845,0.1176451,0.111253005,0.110775491,0.11070808,0.11558866,0.117438738,0.114690487,0.118774852,0.118560049,0.118360983,0.115961263,0.111762007,0.110447071,0.119965548,0.111560559,0.118772791,0.11293871,0.110617534,0.113902429,0.115932894,0.113972435,0.114056605,0.118043275,0.115254779,0.111951576,0.112732856,0.116736214,0.120639805,0.115508281,0.116372575,0.117702751,0.114078343,0.114192273,0.112030411
D,0.11427003,0.113282596,0.117254826,0.114481148,0.116307985,0.112389674,0.115673293,0.116197498,0.114064792,0.112299073,0.110865238,0.110007723,0.114270813,0.112518551,0.110159119,0.112630305,0.114116459,0.111341428,0.111464449,0.112769993,0.110065781,0.116263978,0.112245311,0.110707946,0.115755526,0.113405773,0.11518653,0.112052692,0.114161755,0.115800756,0.111967679,0.11111557,0.106704482,0.112762918,0.11156014,0.111940414,0.108431792,0.110398829,0.113466082,0.110862175,0.105389051,0.107859957,0.112317285,0.111463113,0.114419162,0.107599056,0.112465503,0.112900757,0.111520041,0.11387113,0.112391393,0.115577204,0.10714088,0.108115655,0.109121478,0.108684477,0.108238609,0.110834794,0.107859575,0.1124334,0.107322951,0.112791811,0.110117164,0.110797542,0.104477166,0.114435248,0.113241043,0.109052384,0.108454943,0.109368901,0.111669921,0.114144826,0.111338805,0.115138784,0.11425993,0.11408757,0.111987912,0.107777782,0.108089524,0.115851831,0.108859586,0.114663401,0.10923896,0.106168413,0.110780361,0.113741124,0.110901624,0.110132856,0.11377337,0.11230725,0.109033553,0.109901778,0.112682303,0.117572742,0.111785256,0.112992372,0.112711897,0.112029393,0.110452617,0.107233773
D,0.089412904,0.085384821,0.091541649,0.089524061,0.089614143,0.086680842,0.089092994,0.089932626,0.087334,0.088632811,0.084008641,0.084436182,0.087482985,0.090061505,0.085795541,0.085302228,0.091111785,0.086542283,0.086854694,0.085401752,0.082513936,0.090226749,0.089784604,0.080291681,0.087375524,0.087206277,0.090858747,0.086737565,0.085183407,0.088504103,0.085442913,0.083932447,0.08036327,0.085768288,0.08651503,0.081758608,0.087806912,0.085329339,0.088434587,0.085621802,0.081472284,0.080854502,0.084823869,0.081903144,0.090430835,0.0853038,0.084790293,0.087017145,0.087986601,0.086421403,0.085778879,0.090158568,0.081564845,0.08683306,0.086510531,0.081923794,0.081790893,0.084083207,0.080624549,0.088967364,0.081490022,0.084400254,0.083350631,0.086170665,0.079532885,0.085332397,0.085775709,0.087756866,0.082892678,0.083135532,0.086403445,0.086463112,0.088069198,0.087695121,0.087514992,0.088768691,0.086028509,0.085294597,0.08479739,0.090608314,0.084025513,0.090907106,0.084009941,0.085834134,0.082750644,0.087614759,0.07999971,0.082124938,0.089197898,0.089784576,0.083757803,0.088930131,0.087586166,0.090608091,0.085993428,0.088821722,0.088383694,0.087120365,0.084755835,0.085840611
D,0.085585588,0.080175723,0.083342938,0.080714059,0.086628952,0.082182504,0.084886056,0.085437903,0.080381034,0.081199159,0.080424936,0.076358475,0.084373238,0.081906905,0.075805192,0.084066876,0.081691859,0.07992096,0.081596537,0.0818086,0.07872594,0.082530849,0.080271628,0.082888316,0.085524721,0.084459874,0.084006137,0.074628191,0.086659299,0.08780172,0.081113897,0.080381238,0.077760864,0.075913086,0.07972719,0.080106117,0.074405156,0.081624973,0.082892773,0.077640125,0.074401307,0.074843195,0.082856256,0.084293051,0.084372776,0.076448526,0.079689929,0.081391537,0.077659686,0.083102668,0.078346333,0.083313556,0.073075266,0.07171183,0.077362594,0.078127764,0.076818718,0.078865753,0.080776606,0.078701652,0.074702618,0.083680083,0.082901499,0.078076921,0.076947084,0.086530137,0.079654271,0.077943174,0.076802517,0.076921277,0.078141349,0.081900545,0.078944107,0.082014239,0.081675096,0.084815775,0.083690101,0.07639536,0.073233617,0.083619436,0.073690585,0.082411138,0.078192419,0.07361289,0.08098921,0.078610225,0.081115868,0.081131189,0.083464097,0.079188677,0.074472695,0.072396847,0.081603617,0.083159089,0.079896351,0.079557654,0.082246489,0.078298139,0.079870006,0.076547353
D,0.104520175,0.100192107,0.103459464,0.100596269,0.106397941,0.101858112,0.104431967,0.105213022,0.100503148,0.10037224,0.099383277,0.09631236,0.103096718,0.101183242,0.096209813,0.102060916,0.101961684,0.099477084,0.100757203,0.101199945,0.097741587,0.103294696,0.100654171,0.100945292,0.104387034,0.102601442,0.103779173,0.095985745,0.104689072,0.106922835,0.100881147,0.099503457,0.095252774,0.097671056,0.099655407,0.099601504,0.093974247,0.100313111,0.102201136,0.097244971,0.092233806,0.09411456,0.101732597,0.102154244,0.103410051,0.096081631,0.099080867,0.100214969,0.098183163,0.102649301,0.098677526,0.103850961,0.093099558,0.092686323,0.096755275,0.096497162,0.095284287,0.097844901,0.097438042,0.098462016,0.093532875,0.10207447,0.100867886,0.097874913,0.094140033,0.104941178,0.100269642,0.096833719,0.095302769,0.096138262,0.098239123,0.101447333,0.098378759,0.101635454,0.101793953,0.104093582,0.10189627,0.09572878,0.093470991,0.104015711,0.094460189,0.102827498,0.097471134,0.093860962,0.099041941,0.099377841,0.098991945,0.099189741,0.10287078,0.099143038,0.094757653,0.094252841,0.100838495,0.104198545,0.099634444,0.100047172,0.101866644,0.098161672,0.099359744,0.095398099
D,0.114948791,0.112592709,0.115670114,0.112821319,0.117646015,0.113168926,0.116069926,0.116472466,0.11328394,0.111813568,0.110283126,0.10940221,0.114202967,0.112795306,0.109391268,0.112488092,0.113892087,0.111234363,0.111949072,0.112489707,0.108378865,0.116143802,0.112614943,0.110511209,0.115275764,0.113057612,0.115595472,0.110165261,0.114392856,0.117344305,0.111995506,0.110544206,0.105001443,0.111713801,0.111593666,0.11136891,0.106568074,0.111071577,0.113675996,0.109701355,0.103620853,0.106331915,0.113146737,0.112021193,0.114148639,0.107571939,0.111010015,0.111166633,0.110881319,0.113911807,0.111238527,0.116109171,0.106150296,0.106393553,0.109514451,0.10778916,0.106715382,0.10990031,0.10687549,0.111619489,0.105750003,0.112889044,0.110489172,0.109924945,0.103477819,0.11568536,0.112717405,0.108188399,0.10701121,0.108122807,0.110194192,0.11317391,0.110285242,0.113234338,0.114414346,0.11519208,0.112388205,0.107009449,0.10663591,0.115942385,0.107544192,0.114797045,0.10918349,0.106138021,0.109987553,0.112474795,0.109449946,0.109741528,0.11496526,0.111564444,0.107577117,0.108815913,0.112552463,0.117339767,0.111580275,0.112435679,0.113286028,0.1105572,0.11108925,0.106757544
D,0.116362953,0.114687666,0.118374695,0.114918273,0.117744587,0.115168802,0.118249473,0.118060517,0.115850324,0.114386256,0.113365425,0.113677273,0.11606943,0.114754489,0.111063793,0.114429823,0.115540537,0.113065779,0.112935799,0.113319776,0.108540722,0.116569005,0.114074444,0.110952442,0.116165558,0.113790467,0.117795726,0.113644504,0.113830976,0.116918709,0.114016122,0.111026283,0.107399128,0.113958909,0.113603676,0.113086616,0.110378705,0.113226237,0.11619315,0.112440468,0.107847897,0.110081838,0.115320864,0.113296423,0.115927226,0.107666603,0.113927928,0.111937485,0.112609603,0.115414935,0.114264796,0.117510209,0.109564293,0.110613431,0.112588187,0.110939583,0.109728492,0.112972771,0.108913074,0.116269163,0.110280792,0.114895124,0.11063263,0.113071179,0.105067366,0.116517167,0.113888587,0.112951344,0.110276483,0.111182165,0.112552982,0.115549991,0.113408081,0.114548363,0.11507268,0.116946951,0.114150985,0.10860124,0.110308943,0.116626479,0.110761823,0.116811014,0.110833925,0.107802116,0.111981706,0.116099182,0.111465562,0.11091906,0.116619411,0.114580092,0.109999384,0.112754705,0.113917067,0.120005081,0.113450778,0.114830719,0.113470963,0.114564515,0.112909675,0.107628128
D,0.099631197,0.093692864,0.100462561,0.094876989,0.096727783,0.097874675,0.098858624,0.099447307,0.098096625,0.097409863,0.096753592,0.097206525,0.098820811,0.100160851,0.093500356,0.095307425,0.100088669,0.095675006,0.094795098,0.093963236,0.09192732,0.097326095,0.098927328,0.091682616,0.092576097,0.093784771,0.099994248,0.097660796,0.09462166,0.094094805,0.096496765,0.093767793,0.090585557,0.094107706,0.096124662,0.092138232,0.098880113,0.096339541,0.099849986,0.093675041,0.092254624,0.093146211,0.095908309,0.093848351,0.097332014,0.091575588,0.094837989,0.094575383,0.098915876,0.096361866,0.097372337,0.098132024,0.093221813,0.095509619,0.097190991,0.093734787,0.094193848,0.093786278,0.088883884,0.101519564,0.093598646,0.092603453,0.093065772,0.094901348,0.089881012,0.094433808,0.097552752,0.10193922,0.09189277,0.091071373,0.09274726,0.096405701,0.099263248,0.093920608,0.095857493,0.098040049,0.096350234,0.095380944,0.094047895,0.098870878,0.092364179,0.098383657,0.093058913,0.097959945,0.091487535,0.09882231,0.090296585,0.09109472,0.099885931,0.101356559,0.091732111,0.09801332,0.09653901,0.102545352,0.094937165,0.097098788,0.09954775,0.099063774,0.094930845,0.09258122
E,0.128075186,0.125467339,0.131199046,0.127338496,0.129241694,0.124072601,0.128605993,0.129549281,0.125512798,0.125635984,0.122388211,0.119660106,0.127226135,0.126400121,0.121663173,0.124993088,0.125978704,0.123689253,0.123510177,0.126853154,0.125021941,0.129412078,0.126220882,0.125230909,0.128908012,0.126911566,0.127735997,0.123255054,0.128911896,0.129280138,0.125040848,0.125920755,0.119514937,0.124107505,0.123490039,0.123524521,0.120361509,0.123124078,0.124396355,0.122360342,0.116291765,0.119261455,0.122406577,0.123750207,0.128220413,0.122391718,0.124663713,0.126941403,0.125104678,0.127025162,0.124294007,0.128099198,0.117890433,0.119463868,0.119268023,0.120534973,0.121497147,0.121311223,0.119764424,0.122351219,0.117366034,0.123571696,0.125142644,0.12297641,0.118007964,0.127133467,0.12577532,0.120362016,0.119559168,0.118344919,0.12596574,0.125650962,0.123963165,0.128571341,0.126383768,0.126885981,0.124489826,0.120163957,0.118924572,0.128377015,0.121890063,0.127708662,0.121547698,0.118331163,0.120946224,0.124746087,0.123398752,0.122913174,0.125503068,0.124010609,0.121037634,0.12195403,0.123940435,0.129297241,0.124452974,0.124890386,0.126057688,0.122459192,0.122291747,0.121150027
E,0.125379163,0.122541173,0.128806756,0.12517304,0.126867776,0.121324565,0.12554264,0.12685614,0.123274565,0.123134502,0.118918091,0.117152713,0.124572069,0.123758572,0.119566125,0.121941907,0.124215963,0.121728188,0.121254421,0.124197486,0.121860033,0.127355745,0.124117696,0.121713674,0.126378453,0.124369202,0.124992982,0.121151824,0.125935684,0.126627944,0.121759532,0.123222311,0.116249417,0.121913547,0.121392493,0.120675,0.118352495,0.120328118,0.121612451,0.120052827,0.112976363,0.116055852,0.119458233,0.120704337,0.12592022,0.120055758,0.122151449,0.124334625,0.122679959,0.123960562,0.121765141,0.125901018,0.115149108,0.117332284,0.117323746,0.117507481,0.118191408,0.118400017,0.116434905,0.119902769,0.114241862,0.120572403,0.122214801,0.120296814,0.114722532,0.124271704,0.123517788,0.116908462,0.116466525,0.115975392,0.123858924,0.123438852,0.121611075,0.126262508,0.124336855,0.12421075,0.121583321,0.117824558,0.116469169,0.126252518,0.119567349,0.125090097,0.119173824,0.116392966,0.117745131,0.12180304,0.119970056,0.1200473,0.123032823,0.121424844,0.118541051,0.120119624,0.122250217,0.126303232,0.122139823,0.122604728,0.124033279,0.119773405,0.119997124,0.11939453
E,0.1185141,0.115498916,0.122320784,0.119059526,0.120357832,0.114391633,0.118193496,0.119847368,0.116973551,0.116683776,0.111308329,0.11103604,0.117863105,0.117014584,0.113720202,0.1148006,0.11854833,0.115814728,0.115279188,0.117217609,0.114417523,0.121212231,0.11786669,0.113658962,0.119727892,0.117762509,0.118110414,0.115394327,0.118731009,0.119823151,0.114065533,0.116142584,0.108874652,0.115667477,0.115199913,0.113795276,0.112657966,0.113566918,0.114983673,0.113849293,0.106121488,0.108853791,0.112441439,0.113655734,0.119469958,0.113888028,0.115604806,0.1177188,0.115970406,0.116612258,0.115050448,0.119656946,0.108500473,0.111320114,0.111945521,0.110432299,0.11091088,0.111985694,0.109162307,0.113790844,0.107253314,0.11374661,0.115017371,0.11373011,0.107091653,0.117260522,0.116987578,0.109505492,0.109847589,0.110207988,0.117666012,0.117199181,0.115211644,0.119914257,0.118242063,0.117326959,0.114737553,0.111451354,0.11017721,0.12002849,0.113309992,0.118226783,0.112860153,0.110467176,0.110811085,0.114789163,0.112493394,0.113219107,0.116593587,0.114986554,0.112229215,0.114465908,0.116827327,0.119173141,0.115848366,0.116491882,0.118059246,0.113413642,0.113650233,0.113872293
E,0.115466603,0.113607322,0.116828711,0.111930392,0.11756609,0.113890568,0.117029725,0.111105029,0.115356698,0.113894289,0.103755017,0.105936383,0.113092549,0.116892759,0.105657224,0.108602465,0.111326389,0.115697126,0.113354481,0.113542216,0.113988097,0.119580366,0.114963281,0.112452093,0.118348734,0.113401253,0.115863517,0.111670194,0.118067388,0.114096416,0.111261657,0.10667222,0.104623314,0.111704134,0.106245139,0.104630429,0.106802205,0.111671518,0.107115417,0.105319214,0.105275982,0.101530784,0.106476816,0.11065933,0.110497091,0.104005487,0.112785575,0.116141361,0.112924614,0.111280503,0.114591655,0.117329813,0.101369971,0.104008922,0.103752389,0.1073951,0.107769526,0.11186326,0.101363011,0.107899551,0.099071462,0.104749588,0.109947892,0.109462246,0.102729567,0.107706228,0.11675949,0.099807329,0.10752841,0.101653101,0.110992785,0.115860014,0.115092722,0.114085577,0.113214876,0.116948429,0.108574357,0.103608763,0.105414336,0.11125176,0.10770043,0.116592263,0.107233008,0.108751706,0.110608463,0.110178548,0.108274407,0.106714223,0.107619926,0.109782213,0.105772031,0.111705833,0.110775416,0.110375717,0.110461478,0.11421739,0.116825042,0.111729305,0.104680107,0.110848305
E,0.098326233,0.094789077,0.102955139,0.100253963,0.101055793,0.09412278,0.097212366,0.099260953,0.097765223,0.097290037,0.090723414,0.093228145,0.097822886,0.097709552,0.095382684,0.094741167,0.100411618,0.097135432,0.097260415,0.096322607,0.093696405,0.102284839,0.098552408,0.091251493,0.100154348,0.09860122,0.098411167,0.097268958,0.097714235,0.099605447,0.092985787,0.095414959,0.088722994,0.096594238,0.096321821,0.093893206,0.095583073,0.094035358,0.096208077,0.095334838,0.087781601,0.089161349,0.092634666,0.093399525,0.100136975,0.095545436,0.096042769,0.098364349,0.096071627,0.095807132,0.095119851,0.100209153,0.089647522,0.093447237,0.095026297,0.090510241,0.091031577,0.093852929,0.08950101,0.095927795,0.08795558,0.094356589,0.094556052,0.094663186,0.086551436,0.09676159,0.097133938,0.089792738,0.091396935,0.093018598,0.098451606,0.097733303,0.095756534,0.100765356,0.09895227,0.097541322,0.095229011,0.092707672,0.091992124,0.10092034,0.094637807,0.098188766,0.093923519,0.092111205,0.091542098,0.094843248,0.091874924,0.093380286,0.097324773,0.09650088,0.093695202,0.096965192,0.099215957,0.099078684,0.096844789,0.098227062,0.099445209,0.09504361,0.094354636,0.096314932
E,0.121814916,0.11966751,0.124798423,0.121018991,0.123411961,0.118642322,0.122243698,0.123147237,0.119572328,0.119824283,0.117216793,0.113985191,0.1204494,0.119291283,0.115889461,0.118791494,0.120472583,0.117330214,0.11777758,0.12004257,0.117532888,0.123123468,0.120100358,0.118075978,0.122563772,0.119849851,0.122127104,0.116794535,0.121943423,0.122791182,0.119521011,0.119126094,0.113617382,0.117484154,0.118063625,0.117029862,0.114378718,0.117147371,0.118929974,0.116781502,0.109814497,0.113137392,0.116921719,0.117578825,0.12246962,0.115784452,0.118794032,0.120276668,0.119005745,0.120553811,0.118378452,0.122644121,0.112095799,0.114660053,0.11361291,0.114193229,0.114576027,0.115087301,0.113789738,0.116927472,0.111941066,0.118091424,0.1182346,0.117458235,0.111821541,0.120892564,0.119393423,0.11514865,0.113604722,0.113725641,0.119453354,0.120175426,0.11809468,0.122224828,0.120331931,0.121098814,0.118420989,0.114402012,0.113526531,0.122619857,0.115474024,0.121800339,0.115457534,0.112888912,0.115205308,0.119227162,0.116591033,0.116414625,0.119225784,0.118206879,0.115076625,0.116812743,0.117974152,0.124047508,0.118394297,0.119376553,0.12004253,0.117104304,0.116921227,0.114663749
E,0.119152713,0.116714788,0.122159032,0.118746381,0.120933036,0.115828069,0.119216502,0.120428232,0.117116192,0.117202825,0.11374121,0.111308078,0.117389708,0.116590481,0.113671848,0.115641027,0.118511842,0.115056697,0.11525317,0.11711959,0.114240632,0.120882057,0.117797286,0.114285741,0.119779048,0.117135137,0.119424113,0.114354296,0.118515367,0.119877119,0.116307873,0.116112616,0.110294908,0.114826186,0.115795902,0.113976694,0.112398294,0.114293483,0.116111096,0.114321046,0.106670382,0.109763412,0.113702375,0.114112009,0.120098684,0.113454377,0.115939359,0.117468829,0.116543197,0.117164524,0.115761311,0.120142444,0.109271992,0.112609656,0.111277023,0.11101311,0.111040737,0.111975532,0.110491452,0.114432538,0.108801065,0.115025242,0.115031641,0.114633673,0.108579357,0.117699785,0.116890436,0.111860158,0.110351381,0.111173996,0.117085542,0.117658639,0.115593845,0.119816276,0.1180051,0.118382416,0.115270791,0.11195832,0.111091943,0.120343291,0.113046472,0.119149889,0.112903222,0.11093404,0.111864725,0.116193678,0.112811442,0.113414422,0.116593403,0.115669105,0.112533387,0.114972284,0.115912035,0.121019939,0.115909667,0.117006415,0.117780819,0.114362359,0.114343691,0.112736924
E,0.112615156,0.109849465,0.115644516,0.112768751,0.114398527,0.109097513,0.112165171,0.113672818,0.110637873,0.110828597,0.106312867,0.105072708,0.110472016,0.110232484,0.107848174,0.108531408,0.112762195,0.108907149,0.109092586,0.110104597,0.106879456,0.114716536,0.111520219,0.106115096,0.112933679,0.110632071,0.112789494,0.108378948,0.110974638,0.113048785,0.108836687,0.108886215,0.102992203,0.10831317,0.109549647,0.106879575,0.106835904,0.107513356,0.109650855,0.108052086,0.100286943,0.102553943,0.106671926,0.106728629,0.113792904,0.10743808,0.109280357,0.11083458,0.110004936,0.109700971,0.10909553,0.113639626,0.102731232,0.106843939,0.105620514,0.104009716,0.103856629,0.105558016,0.103471557,0.108512406,0.101989259,0.108196189,0.10775473,0.108034011,0.101240416,0.110460378,0.11020027,0.104997406,0.103656531,0.105182538,0.110790854,0.111268701,0.109265775,0.113443968,0.111718624,0.111684967,0.108366302,0.105794037,0.105007562,0.114112558,0.106885189,0.11261397,0.106588516,0.105162663,0.104882013,0.109281349,0.105068447,0.10651632,0.110244466,0.109473038,0.106221476,0.109443348,0.110218043,0.11386161,0.109537794,0.11084729,0.111650405,0.108065898,0.107788935,0.107186975
E,0.104775159,0.107013417,0.10902492,0.112579746,0.11327855,0.107133066,0.102952356,0.109247065,0.103412493,0.108856689,0.096377058,0.099171878,0.105088007,0.10455689,0.10458816,0.101710737,0.103799414,0.105554801,0.102624934,0.104669086,0.097123762,0.111305579,0.109579602,0.098086713,0.105017332,0.108612767,0.11089732,0.102610133,0.107473667,0.110305026,0.105756488,0.099548852,0.102208422,0.10522588,0.103806312,0.100548001,0.100386833,0.10689642,0.099665937,0.106867942,0.098930174,0.102145343,0.104327078,0.09909597,0.104710813,0.105666753,0.099798881,0.101460623,0.109901883,0.104307757,0.100420282,0.10698142,0.102134658,0.105095464,0.104350472,0.102862729,0.100071381,0.101246921,0.09661169,0.099748389,0.096405153,0.098693628,0.100394517,0.099880486,0.09637408,0.108716667,0.108176849,0.102594789,0.101934305,0.102090552,0.105043034,0.108719906,0.107365939,0.105260734,0.108731978,0.102739841,0.103024137,0.102883728,0.095159768,0.105488962,0.097021501,0.109469321,0.103255386,0.104415363,0.101657383,0.108656554,0.096400205,0.100654096,0.105050725,0.102001611,0.102277388,0.10029391,0.105632096,0.111784355,0.104585856,0.108581752,0.109261151,0.099921733,0.104251166,0.10239095
E,0.093242673,0.089687354,0.096519633,0.094495755,0.09498311,0.089472033,0.092134709,0.093703376,0.091254526,0.092227509,0.086396048,0.087431017,0.090876529,0.092304295,0.089970266,0.089022151,0.094706192,0.090592734,0.091115073,0.089470608,0.086770037,0.095805021,0.092785726,0.084126931,0.093240503,0.091758911,0.093800434,0.090407109,0.089939166,0.09326666,0.08823119,0.088293173,0.08355013,0.089725915,0.09073996,0.086805911,0.090307313,0.088317667,0.091215842,0.089788245,0.083111546,0.083515498,0.087319549,0.086306498,0.094789409,0.08978085,0.089638656,0.091817885,0.090977839,0.089409146,0.08945211,0.094315532,0.084405244,0.08923773,0.089100771,0.084672407,0.08494678,0.088072278,0.084509592,0.09128608,0.083372003,0.088648653,0.087735198,0.089252713,0.081927135,0.089982905,0.090260697,0.086941991,0.085735985,0.087430317,0.091775125,0.09174925,0.090463791,0.094495078,0.092342592,0.092468685,0.089279031,0.087906633,0.087173232,0.095198272,0.088383721,0.093707013,0.087930647,0.087900221,0.085968469,0.089903944,0.084505471,0.086797544,0.09171249,0.091945619,0.087758918,0.092288995,0.09248517,0.093665067,0.090562145,0.09269469,0.092725792,0.090064687,0.088306864,0.090058508
E,0.116662126,0.114439088,0.118879584,0.115101897,0.117968726,0.114023077,0.117547577,0.117868261,0.114176252,0.114426381,0.112646433,0.109402617,0.114518169,0.113603996,0.110547247,0.113417047,0.115292901,0.111607798,0.111976357,0.113697459,0.110059692,0.116930101,0.114352468,0.11175862,0.116347599,0.113575409,0.117319112,0.111003333,0.114762934,0.116697378,0.114428304,0.112399634,0.108196529,0.111212,0.112980689,0.110918882,0.109399582,0.111766936,0.11448807,0.111745123,0.105353829,0.107816055,0.112328448,0.111929905,0.117258531,0.108958874,0.113512903,0.11361196,0.112972578,0.11475943,0.11338319,0.117255351,0.107336902,0.110070394,0.10878775,0.109054311,0.108716344,0.109998767,0.108242489,0.113025731,0.108020589,0.113459183,0.111805066,0.112508479,0.10631439,0.115007013,0.113347889,0.111700546,0.108270737,0.109339729,0.112743974,0.115103683,0.112972535,0.115910185,0.114506388,0.116158011,0.113033261,0.109222296,0.108941981,0.116992507,0.109933687,0.116518113,0.109591577,0.108090115,0.109835446,0.114502671,0.110496737,0.110150786,0.114020062,0.113513728,0.109434542,0.1119594,0.112203379,0.119130196,0.11307459,0.114148881,0.114335283,0.112561073,0.111700195,0.108314532
E,0.114184813,0.111612682,0.116286808,0.113007596,0.115236569,0.111455428,0.114823096,0.115304823,0.111688117,0.112087789,0.109430578,0.106684506,0.111684513,0.111545935,0.108222186,0.11043916,0.113257609,0.109419911,0.109344814,0.110891926,0.107050774,0.11461518,0.112246454,0.108142133,0.113433393,0.110853939,0.114836784,0.108641358,0.111394731,0.113945271,0.111361842,0.109658591,0.105145023,0.108662768,0.110739181,0.107866741,0.107678791,0.109102998,0.111771151,0.109295789,0.102597831,0.104752427,0.109333729,0.108335173,0.114867992,0.106841027,0.110566726,0.110894554,0.110594953,0.111595037,0.110852972,0.114818895,0.104806608,0.108145219,0.106727442,0.106184957,0.105522979,0.10712274,0.105133846,0.110754612,0.105259405,0.110372209,0.108723913,0.109876628,0.103428682,0.111853858,0.110693004,0.109109543,0.105256079,0.106614491,0.110265121,0.112284454,0.110667009,0.113463027,0.112071172,0.113600863,0.110113439,0.107041691,0.106715581,0.114626926,0.10743032,0.11426066,0.107113914,0.106396516,0.106528283,0.111683867,0.106895388,0.107289668,0.111660594,0.111229664,0.106922533,0.110304336,0.109996361,0.116175804,0.110470307,0.111879194,0.11184924,0.109911671,0.109048529,0.106451698
E,0.107909197,0.105128905,0.1100334,0.107344215,0.108786555,0.105217948,0.10830153,0.109073226,0.105540553,0.106381117,0.102733759,0.100801839,0.105358492,0.106230658,0.102646997,0.103888548,0.107928922,0.10378794,0.103564879,0.104435213,0.100573971,0.108579302,0.106665363,0.100561417,0.106835922,0.104784881,0.10872455,0.103134207,0.104346429,0.107590159,0.104444558,0.103068953,0.098534465,0.102776622,0.10482207,0.101141467,0.102876225,0.102900484,0.105686793,0.103312368,0.096911303,0.098377606,0.102817024,0.101211207,0.108866418,0.101428445,0.104002622,0.104701133,0.104692772,0.104886759,0.104639522,0.108852588,0.09889367,0.102989346,0.101851053,0.099894772,0.099063095,0.101135868,0.098700759,0.105340046,0.099043902,0.103744594,0.101984107,0.10374378,0.096962846,0.104991835,0.104298612,0.103382243,0.099197032,0.100564947,0.104258419,0.105838757,0.105027457,0.107232465,0.105994937,0.107321817,0.103780595,0.101585001,0.10118779,0.108684921,0.101378589,0.108519314,0.101254716,0.101453921,0.100043584,0.105336171,0.09958493,0.100893729,0.105972806,0.105710811,0.101009364,0.105187107,0.104514872,0.109381012,0.104163694,0.106248788,0.105863834,0.104079622,0.102839446,0.101434254
E,0.103681852,0.102937686,0.104598159,0.100199784,0.102617123,0.102432834,0.099386968,0.107447263,0.101255591,0.096816294,0.099139393,0.097523813,0.09640027,0.103683385,0.100339352,0.099506835,0.101012592,0.099290193,0.09894863,0.10152875,0.095284012,0.10844915,0.099991817,0.091441344,0.103884477,0.098715597,0.10104823,0.096303088,0.100989392,0.099482052,0.095381717,0.094141729,0.095306209,0.101260447,0.103719894,0.091499902,0.099079086,0.101407722,0.097998236,0.093807596,0.095027885,0.096431419,0.10025342,0.093073355,0.106681237,0.098318637,0.095519634,0.09766522,0.096161699,0.100984588,0.100559186,0.100502201,0.089797128,0.100372319,0.095533761,0.099685605,0.096224806,0.092089443,0.098593848,0.103107179,0.091951519,0.099893872,0.094707499,0.099660974,0.094280417,0.097321352,0.100486557,0.096147754,0.098543703,0.099936237,0.0978409,0.098163101,0.095243221,0.106298175,0.102628127,0.102605831,0.101264268,0.092595909,0.098624751,0.104762865,0.096894006,0.102887008,0.095343196,0.093458058,0.090831673,0.097250813,0.092594885,0.097954336,0.096194742,0.102123337,0.093984767,0.098631837,0.099619335,0.106868256,0.099463968,0.098056234,0.102258078,0.09863711,0.095027242,0.096419585
E,0.089885401,0.086483753,0.092073909,0.090011902,0.090387297,0.087313919,0.089677272,0.090637371,0.087723379,0.089428832,0.084850472,0.084773088,0.087889932,0.090364646,0.086337048,0.086093007,0.091639872,0.087344431,0.08727798,0.085863737,0.083126093,0.090388092,0.090128479,0.080846242,0.088264632,0.087704964,0.091245485,0.087275967,0.085612295,0.088941766,0.085980717,0.084546093,0.08096967,0.086066304,0.087137141,0.082531551,0.088118726,0.085564971,0.088891869,0.086165958,0.081649067,0.081535436,0.085091879,0.082466065,0.091013942,0.085601008,0.085380091,0.087530787,0.088264047,0.086761134,0.086540672,0.090761739,0.082372646,0.087325463,0.087049108,0.082498537,0.082261799,0.08445709,0.081368485,0.089506786,0.082048864,0.085190415,0.083580347,0.08651244,0.079996604,0.085743845,0.086245748,0.088109684,0.083163368,0.083575376,0.086795595,0.087124747,0.088573318,0.08876833,0.08799516,0.089207128,0.086409544,0.085961761,0.085150462,0.091290548,0.084235288,0.091371076,0.084555949,0.086358489,0.083136241,0.088084361,0.080755365,0.082797,0.089491981,0.08994143,0.08404289,0.08924158,0.088039495,0.091189449,0.086413748,0.089356641,0.088531241,0.087692896,0.085142875,0.086200486
E,0.119955527,0.117527434,0.121833411,0.116605529,0.120191489,0.118396729,0.121722305,0.121672394,0.117963546,0.118487423,0.11799191,0.115400643,0.118613507,0.118040203,0.112878016,0.117680884,0.119101748,0.115686818,0.114676032,0.11622206,0.111478171,0.118306482,0.117653169,0.113852393,0.11797899,0.115419896,0.121176511,0.115660544,0.116405754,0.118498037,0.11810273,0.114390387,0.111028349,0.114171552,0.116384099,0.114790613,0.113997841,0.116568523,0.119151809,0.114595863,0.110345946,0.113011678,0.11716407,0.116089102,0.120346015,0.109715613,0.116646386,0.113745901,0.116394575,0.11837972,0.117546052,0.120794446,0.112979661,0.114575983,0.115048652,0.114110275,0.113259126,0.113836057,0.111096014,0.119738907,0.114123239,0.116801127,0.114273657,0.116738678,0.108960621,0.118460155,0.116080429,0.119197829,0.112562744,0.112221891,0.115037081,0.117660706,0.117874892,0.116428432,0.116676192,0.120048758,0.117216396,0.112773562,0.113654095,0.118511594,0.113229626,0.120507624,0.112754466,0.112700834,0.11235008,0.11925695,0.113726552,0.112725661,0.118265825,0.117821945,0.112037633,0.116784469,0.115598139,0.123040698,0.115760615,0.117929935,0.116805188,0.118202628,0.115638217,0.110282661
E,0.118296224,0.115220219,0.120061728,0.114763205,0.117931052,0.11653926,0.119670633,0.119788045,0.116382038,0.116965133,0.11613695,0.113526501,0.116852419,0.116754241,0.111385738,0.115734684,0.117910041,0.114156872,0.112811771,0.114351893,0.109861166,0.116579542,0.116358647,0.11146186,0.115417692,0.11331072,0.119427239,0.114286897,0.114259672,0.116151,0.116194404,0.112761755,0.109143185,0.112379177,0.114765381,0.112799273,0.113203727,0.114703362,0.117454589,0.112838685,0.108592001,0.110996808,0.115125228,0.113705685,0.118475243,0.108272497,0.114480628,0.111926785,0.115226605,0.116389184,0.116009952,0.119002996,0.111589825,0.113277262,0.113805937,0.11226882,0.111243909,0.111674637,0.10874368,0.118440199,0.11238228,0.114290009,0.112329579,0.114767015,0.10743145,0.116036741,0.114587294,0.118126921,0.11044126,0.110024203,0.113076973,0.115582138,0.116804679,0.11424355,0.114932021,0.118077832,0.115190632,0.111832421,0.112403116,0.116917731,0.111364449,0.118946512,0.111124752,0.112152539,0.109935725,0.117555918,0.111194234,0.110666093,0.116834753,0.116592862,0.110292893,0.115722637,0.11407983,0.121353064,0.11386986,0.116215914,0.11556685,0.116708025,0.113875184,0.10912767
E,0.113723879,0.109884475,0.115294062,0.109894417,0.112611484,0.111913956,0.114503519,0.114789586,0.111972094,0.112439919,0.111394722,0.109204308,0.112276931,0.112769161,0.107236226,0.110683404,0.113840234,0.10973801,0.108412391,0.109281098,0.105409032,0.111767426,0.112272487,0.106069111,0.109650897,0.108384839,0.114630355,0.110307102,0.109287572,0.110607084,0.111217748,0.108156066,0.104546792,0.107886506,0.110237109,0.107756725,0.110050538,0.110042801,0.113074511,0.108211732,0.104490858,0.106403213,0.110203222,0.108466178,0.113393314,0.104240513,0.109359134,0.107573518,0.111362181,0.111349606,0.111530181,0.113952169,0.107293522,0.109057617,0.109914291,0.107651362,0.106615744,0.107086012,0.103543648,0.11453947,0.107740026,0.108741861,0.107329942,0.10974586,0.103075029,0.11050022,0.110491984,0.114295167,0.105540046,0.105095913,0.108100171,0.110658926,0.11285564,0.109088737,0.110253055,0.113026071,0.110380526,0.108201064,0.108167854,0.112745941,0.106659362,0.114191223,0.106811885,0.109141937,0.104975969,0.113010338,0.105626669,0.105891465,0.112819198,0.112983698,0.105683342,0.111808533,0.109926387,0.116783989,0.109129223,0.111564716,0.111671724,0.112567163,0.109189825,0.105362005
E,0.100292016,0.094951731,0.101210733,0.095470695,0.097805412,0.098544313,0.099807916,0.100218007,0.098785344,0.098644998,0.097918915,0.09757575,0.099430479,0.100695703,0.094405475,0.09657548,0.101085746,0.096366162,0.095570161,0.094402939,0.092691362,0.097586088,0.099403191,0.092328081,0.093893569,0.094414689,0.10050989,0.098453003,0.095195892,0.094554226,0.097311078,0.094340662,0.091734783,0.094608989,0.09696717,0.093418994,0.099180716,0.096705112,0.100492376,0.094662162,0.092612005,0.09394276,0.096543327,0.094487066,0.098389605,0.091831045,0.095681301,0.095070544,0.099224858,0.097134146,0.09823561,0.098923366,0.094265187,0.095943511,0.097924231,0.094468574,0.094783487,0.094306898,0.089723889,0.102487857,0.094225141,0.093898428,0.093530294,0.095599972,0.090442166,0.095264678,0.098292621,0.10251725,0.09235834,0.091932171,0.093504787,0.097128814,0.099835184,0.094977987,0.096500008,0.098484606,0.096937442,0.096354432,0.094555009,0.099892596,0.092803883,0.099123159,0.09391829,0.098929246,0.092013453,0.099452339,0.091680493,0.092149546,0.100292731,0.101655734,0.092103523,0.098749434,0.09732389,0.103560309,0.095543288,0.09782979,0.099688349,0.100015892,0.095309828,0.093383301
E,0.066941985,0.058790251,0.066124531,0.057409723,0.060281118,0.065513869,0.064119438,0.065679397,0.065225427,0.062948562,0.064693297,0.066941601,0.069371781,0.067141983,0.059331965,0.061381012,0.068084509,0.062717884,0.060392704,0.059517484,0.06253301,0.063021812,0.064463493,0.063603275,0.058001628,0.058960334,0.065574483,0.068315467,0.061656843,0.056736925,0.062749459,0.059403785,0.0574195,0.057920136,0.063348857,0.061820149,0.067225525,0.063251768,0.06753266,0.061117048,0.062504465,0.065024413,0.063766003,0.062550712,0.062874797,0.055633982,0.062829587,0.058421504,0.064174922,0.062103055,0.066174244,0.062675469,0.061192659,0.060218142,0.067097857,0.062397112,0.06573361,0.060541886,0.052883743,0.070500241,0.063894815,0.059412983,0.062080712,0.06045108,0.057002456,0.060340515,0.066818397,0.069170331,0.060601942,0.059945742,0.057126001,0.064522457,0.063013749,0.062848241,0.060167908,0.063182076,0.063531702,0.061365575,0.060035174,0.064292543,0.055671663,0.060863363,0.059526401,0.068215677,0.058673229,0.065118253,0.062333263,0.058791274,0.06565361,0.065649719,0.060494702,0.059574742,0.067654588,0.067752039,0.062059835,0.063819739,0.067140661,0.065421342,0.064471891,0.058985412
F,-0.101266673,-0.096786249,-0.100399824,-0.098664922,-0.102934403,-0.096231987,-0.101502198,-0.103053475,-0.095368437,-0.096490954,-0.095293473,-0.091525257,-0.101299906,-0.10174961,-0.090929994,-0.102889606,-0.099162181,-0.094938008,-0.096746434,-0.098602542,-0.097432972,-0.099120301,-0.095603231,-0.100891445,-0.103314715,-0.101356793,-0.098747681,-0.089774597,-0.103313846,-0.104787768,-0.095814019,-0.09552036,-0.094101355,-0.091535588,-0.093358968,-0.098017722,-0.092673355,-0.096565513,-0.097536157,-0.094269199,-0.095916047,-0.091127483,-0.095965564,-0.098122441,-0.101458001,-0.095989231,-0.094892304,-0.099091223,-0.095963,-0.097416768,-0.092932761,-0.096481922,-0.087057076,-0.087341191,-0.089373525,-0.096984159,-0.095105132,-0.096900513,-0.095775877,-0.095533734,-0.088535688,-0.097664741,-0.1018278,-0.092371443,-0.097367723,-0.100805662,-0.096405362,-0.095299135,-0.092388734,-0.087819979,-0.097192882,-0.099093521,-0.094703702,-0.098971889,-0.095569777,-0.099560106,-0.099588243,-0.091239662,-0.088064118,-0.097756476,-0.091428175,-0.097276968,-0.094236412,-0.088790123,-0.095206172,-0.094039504,-0.097763492,-0.098127338,-0.099384708,-0.095211389,-0.091658354,-0.086688582,-0.096408155,-0.098940214,-0.096046276,-0.0938574,-0.096575197,-0.092970241,-0.092697241,-0.095485564
F,-0.123246742,-0.119744213,-0.124420184,-0.121760192,-0.12543113,-0.118537859,-0.124433273,-0.126269088,-0.118584155,-0.11826667,-0.11711184,-0.114486571,-0.123363146,-0.12386217,-0.11424145,-0.12361413,-0.122947902,-0.117913037,-0.118161456,-0.122367319,-0.121489637,-0.123342492,-0.11947109,-0.123101831,-0.125322465,-0.122955129,-0.121246115,-0.114793143,-0.12525778,-0.127205791,-0.117965344,-0.118711256,-0.114969351,-0.116677749,-0.116922236,-0.121128105,-0.115577654,-0.118197907,-0.119219379,-0.116803252,-0.117164739,-0.113113159,-0.116594119,-0.119166519,-0.123414151,-0.118121468,-0.117453545,-0.121359279,-0.120310084,-0.120702995,-0.116037727,-0.120648708,-0.110314343,-0.110669219,-0.111551615,-0.118671278,-0.117301753,-0.118154899,-0.11478726,-0.11781102,-0.109972167,-0.118126971,-0.123442943,-0.115153157,-0.118186636,-0.121480272,-0.121392422,-0.117922425,-0.11304953,-0.109480602,-0.120074361,-0.121849926,-0.117658929,-0.122022426,-0.118941266,-0.121245044,-0.120889836,-0.114120189,-0.111809539,-0.120911915,-0.115912416,-0.120478524,-0.116345832,-0.112920204,-0.116155113,-0.117416536,-0.119333592,-0.119289134,-0.121368572,-0.118565355,-0.115021278,-0.111722794,-0.118840107,-0.122501482,-0.119317216,-0.117215492,-0.119662159,-0.115906765,-0.114781585,-0.118245738
F,-0.132869957,-0.1315506,-0.136163649,-0.133828754,-0.135415226,-0.128916153,-0.135761266,-0.137336611,-0.13120429,-0.128704171,-0.126595508,-0.126918916,-0.134108416,-0.133833963,-0.127019028,-0.132846318,-0.134128038,-0.129822982,-0.128143164,-0.134217998,-0.134430936,-0.136195687,-0.13146691,-0.13330706,-0.135300625,-0.133142289,-0.131943975,-0.129317549,-0.13527339,-0.137339137,-0.127889642,-0.130396703,-0.125026143,-0.130637385,-0.128329603,-0.132637169,-0.127665307,-0.128137421,-0.129923425,-0.12884422,-0.127980322,-0.124216777,-0.126485588,-0.128809709,-0.133078963,-0.128700247,-0.129140472,-0.132098728,-0.132851109,-0.13210138,-0.128177943,-0.133112751,-0.123014778,-0.122765183,-0.123256975,-0.129420864,-0.12875262,-0.129158294,-0.123402284,-0.129455461,-0.121578128,-0.127364349,-0.132851389,-0.126404334,-0.127621963,-0.130897426,-0.134028289,-0.128964735,-0.123975798,-0.121428718,-0.130682816,-0.132629518,-0.12908294,-0.133358492,-0.131797466,-0.130653516,-0.131099252,-0.125686409,-0.12507524,-0.132417103,-0.128844294,-0.131642713,-0.127637648,-0.126225058,-0.127122467,-0.129790564,-0.129686625,-0.129424471,-0.132413403,-0.130379067,-0.127830761,-0.125430732,-0.13029061,-0.13430669,-0.131412949,-0.128953095,-0.131380276,-0.12787333,-0.125314295,-0.12991258
F,-0.127392,-0.127020662,-0.130047007,-0.129912496,-0.128393516,-0.12279719,-0.129884176,-0.130997438,-0.126418292,-0.123870134,-0.122346732,-0.123450608,-0.128672748,-0.12803042,-0.122398356,-0.126874922,-0.127478733,-0.123996961,-0.122619372,-0.12819171,-0.129758884,-0.130641886,-0.124993944,-0.12816709,-0.129621473,-0.127775483,-0.126524173,-0.125081849,-0.128711475,-0.13070727,-0.122055376,-0.125090504,-0.121604481,-0.125408665,-0.122125391,-0.12841176,-0.123122731,-0.122467328,-0.126062252,-0.123735051,-0.125216915,-0.12060692,-0.122199994,-0.122958115,-0.126585356,-0.123337376,-0.12464548,-0.126799677,-0.127148667,-0.126224403,-0.123866537,-0.127001145,-0.119307281,-0.119383686,-0.118202875,-0.123933846,-0.12422089,-0.125934219,-0.120178383,-0.124950467,-0.11854558,-0.123237682,-0.126590981,-0.121727326,-0.12318752,-0.125377517,-0.12796511,-0.125091655,-0.120836883,-0.119270555,-0.124524531,-0.126675294,-0.124098624,-0.128737418,-0.125909804,-0.124555304,-0.125091306,-0.120731518,-0.121033951,-0.127206949,-0.124301036,-0.125123337,-0.122828935,-0.120772019,-0.123026312,-0.125858159,-0.125921587,-0.124962462,-0.127298223,-0.125417078,-0.1241238,-0.121345417,-0.12459652,-0.129479501,-0.125692701,-0.123151276,-0.124711446,-0.123969599,-0.119152967,-0.124051301
F,-0.095600557,-0.093473693,-0.097495276,-0.100930712,-0.09965057,-0.091099353,-0.097009586,-0.099183364,-0.095784924,-0.092020065,-0.089428455,-0.097438646,-0.099391717,-0.097382634,-0.093580395,-0.095065608,-0.098784811,-0.097461556,-0.093709833,-0.098564456,-0.0995067,-0.102850396,-0.097358828,-0.097293948,-0.098588239,-0.100592099,-0.095281507,-0.09771524,-0.100239946,-0.098992971,-0.087338125,-0.095006399,-0.089348836,-0.099117013,-0.093723446,-0.097230802,-0.096870686,-0.091320326,-0.095577909,-0.094805019,-0.097559327,-0.08800065,-0.089726552,-0.091199904,-0.097382495,-0.094271526,-0.094554887,-0.098377195,-0.095551792,-0.095980282,-0.092793562,-0.099279998,-0.088137748,-0.090594925,-0.092955626,-0.094085419,-0.093319464,-0.09585293,-0.08765233,-0.094603512,-0.085847841,-0.090481981,-0.097797927,-0.092187957,-0.094385496,-0.092973466,-0.099231828,-0.097832778,-0.088998488,-0.088720407,-0.095107477,-0.096642136,-0.094190443,-0.096729826,-0.099297908,-0.091915187,-0.098936329,-0.092156581,-0.092342957,-0.09851755,-0.095569269,-0.091452956,-0.094899749,-0.094843355,-0.091987929,-0.092810604,-0.093284142,-0.095096806,-0.098573206,-0.09776278,-0.094403653,-0.094669211,-0.099662781,-0.097593967,-0.097418984,-0.094538228,-0.097327594,-0.094601858,-0.089549533,-0.099215423
F,-0.098465228,-0.094098814,-0.097673772,-0.096082413,-0.100337519,-0.093176235,-0.098913833,-0.100093896,-0.092921446,-0.09341826,-0.092750027,-0.089347056,-0.098335046,-0.099063304,-0.088410768,-0.099911862,-0.096433908,-0.092376134,-0.094061854,-0.096074478,-0.094851666,-0.096417563,-0.093058094,-0.098307881,-0.100409112,-0.098418934,-0.095554384,-0.087010031,-0.100135738,-0.101705174,-0.09303336,-0.092908439,-0.091381232,-0.088985641,-0.090657452,-0.095562005,-0.090172445,-0.093673405,-0.094846546,-0.092017438,-0.093917744,-0.088566108,-0.093166023,-0.095248359,-0.098758643,-0.093240103,-0.092506554,-0.09627458,-0.093238129,-0.094678508,-0.090515708,-0.093822321,-0.084569317,-0.084677986,-0.086373916,-0.094275789,-0.092649569,-0.094867477,-0.092910492,-0.093080325,-0.085664353,-0.095144227,-0.098905749,-0.089908768,-0.094862574,-0.097887818,-0.093898326,-0.092990146,-0.089686584,-0.085252817,-0.094626162,-0.096771312,-0.09212956,-0.095785871,-0.092762073,-0.096320931,-0.09686524,-0.088700177,-0.085551946,-0.095123886,-0.089023835,-0.094216422,-0.091862193,-0.086170345,-0.092291646,-0.091405975,-0.095048035,-0.0952274,-0.096628631,-0.092778764,-0.089420431,-0.084094551,-0.093758718,-0.096163762,-0.093433295,-0.090977239,-0.093776796,-0.090491007,-0.090298248,-0.092735132
F,-0.11978116,-0.116359839,-0.120933848,-0.118463754,-0.122156856,-0.114684461,-0.121223786,-0.122540723,-0.115497424,-0.114480256,-0.113840805,-0.111590571,-0.119622816,-0.120537257,-0.111056828,-0.119948573,-0.119427506,-0.114628997,-0.114790936,-0.119139425,-0.118270445,-0.12004438,-0.11626651,-0.119835437,-0.121770472,-0.119388094,-0.117343125,-0.111358725,-0.121336779,-0.123390796,-0.114475329,-0.115533954,-0.111589047,-0.113469331,-0.113532559,-0.1180553,-0.112403847,-0.114626344,-0.115834629,-0.113878848,-0.114684172,-0.109837074,-0.113140472,-0.115550221,-0.120014279,-0.114897581,-0.114461914,-0.117930134,-0.116881055,-0.117332411,-0.112958099,-0.117351872,-0.107136433,-0.107304406,-0.107934257,-0.115260625,-0.114175829,-0.115520208,-0.111376464,-0.114684124,-0.106350594,-0.114967383,-0.11988971,-0.111972741,-0.115104189,-0.117862334,-0.118190699,-0.115046274,-0.109708754,-0.106234284,-0.116840414,-0.1188386,-0.114394954,-0.118131114,-0.115481728,-0.117231962,-0.117571514,-0.110847644,-0.108621766,-0.117651814,-0.112926484,-0.116599896,-0.113457156,-0.109714296,-0.112519678,-0.114095312,-0.115988444,-0.115713158,-0.117862217,-0.115590966,-0.112198811,-0.108520849,-0.115498171,-0.118973333,-0.116007042,-0.113627141,-0.116191942,-0.112793229,-0.111597655,-0.114922788
F,-0.128930895,-0.127560364,-0.131960295,-0.129916517,-0.131586608,-0.124377322,-0.132024407,-0.133014077,-0.127496666,-0.124329092,-0.122766668,-0.123558577,-0.129683245,-0.129969792,-0.123319945,-0.128613784,-0.129936079,-0.125922258,-0.124275597,-0.130392756,-0.130745277,-0.13244576,-0.127754988,-0.129476065,-0.131235436,-0.129047533,-0.127470034,-0.125294728,-0.130751047,-0.13297646,-0.123801004,-0.12673785,-0.121155608,-0.126886568,-0.12439403,-0.129032406,-0.123949671,-0.124032691,-0.126024527,-0.12525013,-0.125107011,-0.120347681,-0.122510208,-0.124536994,-0.129120728,-0.125194226,-0.125664438,-0.12821316,-0.128851018,-0.12823081,-0.12450316,-0.129364009,-0.119208169,-0.118860817,-0.119164755,-0.125400422,-0.125061438,-0.126025563,-0.11957614,-0.125699732,-0.117304827,-0.123657833,-0.128772257,-0.122646196,-0.12415924,-0.126696081,-0.130336587,-0.125686438,-0.120124042,-0.117553347,-0.126920037,-0.129057873,-0.125257907,-0.128840058,-0.127835347,-0.125971637,-0.127259852,-0.121807341,-0.121364049,-0.128630955,-0.125429414,-0.127024391,-0.124412346,-0.122607227,-0.122906675,-0.125913996,-0.125833448,-0.125321497,-0.128298537,-0.126958085,-0.124573871,-0.121734065,-0.126373628,-0.130101417,-0.127499215,-0.124843168,-0.127366471,-0.124302429,-0.121448548,-0.126149145
F,-0.122783557,-0.122236758,-0.124931714,-0.125445881,-0.123964643,-0.117246183,-0.125485373,-0.125822672,-0.12175165,-0.118868365,-0.117929199,-0.11982446,-0.123446258,-0.123374517,-0.118191466,-0.121709502,-0.122444418,-0.119476082,-0.118144408,-0.123624121,-0.125525064,-0.126563604,-0.120798875,-0.123687475,-0.124912899,-0.12304875,-0.121422087,-0.120443601,-0.123352892,-0.125486506,-0.117307498,-0.120725473,-0.117094654,-0.12127427,-0.117626301,-0.124204778,-0.118940629,-0.117762657,-0.121428301,-0.11929108,-0.121921599,-0.116109819,-0.117473258,-0.117913312,-0.122001885,-0.119528985,-0.120390801,-0.122492236,-0.122601226,-0.121604558,-0.11951256,-0.122763675,-0.114807149,-0.11500524,-0.113738351,-0.119161652,-0.120014436,-0.121969514,-0.115771522,-0.120608361,-0.113426839,-0.118836229,-0.121970237,-0.117370475,-0.119165513,-0.120574202,-0.123718597,-0.121290142,-0.116309497,-0.114472494,-0.120233244,-0.122345717,-0.119382138,-0.123477688,-0.121509564,-0.119052766,-0.120768255,-0.116151284,-0.116680249,-0.122780914,-0.120304583,-0.11952589,-0.119253156,-0.116907242,-0.118203955,-0.12126009,-0.121436701,-0.120332122,-0.122510238,-0.121363634,-0.120403793,-0.11744608,-0.119995117,-0.124609747,-0.121153656,-0.11841607,-0.120017715,-0.119935677,-0.114512882,-0.11997193
F,-0.084961717,-0.083568163,-0.086993503,-0.090655533,-0.089792089,-0.080170638,-0.087102714,-0.087635213,-0.085746386,-0.082015355,-0.08096892,-0.089243832,-0.087721302,-0.086346104,-0.083437405,-0.083745777,-0.087249557,-0.087165819,-0.083096775,-0.088146461,-0.089541545,-0.092767265,-0.08804728,-0.087086681,-0.088571229,-0.089670553,-0.08473663,-0.087863941,-0.088867955,-0.088403025,-0.078129611,-0.085347327,-0.080045147,-0.089168063,-0.083716305,-0.086966654,-0.087861453,-0.081670115,-0.085031075,-0.083727607,-0.089587968,-0.078754892,-0.079176014,-0.080379973,-0.087953198,-0.085631753,-0.085243097,-0.088385761,-0.084616578,-0.086465506,-0.083366614,-0.089509346,-0.078602678,-0.082161326,-0.082639175,-0.084128646,-0.084196052,-0.085389717,-0.07903822,-0.084933361,-0.075026334,-0.081354025,-0.088051128,-0.08262521,-0.085983888,-0.081996025,-0.088608069,-0.088668489,-0.078754858,-0.077905495,-0.086086412,-0.086422879,-0.084525812,-0.085860027,-0.089511932,-0.080636958,-0.088851193,-0.082551617,-0.083445337,-0.08854219,-0.087494201,-0.080102668,-0.087727053,-0.087404117,-0.081949658,-0.082635738,-0.08356002,-0.085536592,-0.086929459,-0.089155729,-0.084270891,-0.087344789,-0.089164063,-0.086410293,-0.086417588,-0.08424885,-0.086760406,-0.086526631,-0.079593072,-0.090152922
F,-0.094207537,-0.08981168,-0.093338513,-0.09182212,-0.095979271,-0.088403118,-0.094588799,-0.09540736,-0.089028779,-0.08845901,-0.088388752,-0.085359508,-0.093340333,-0.094792288,-0.084413897,-0.09519458,-0.091854279,-0.088254606,-0.089609322,-0.092023599,-0.090846579,-0.092291437,-0.088859594,-0.094094276,-0.09584664,-0.093746853,-0.090576638,-0.08261921,-0.094828788,-0.09667498,-0.088641496,-0.088875214,-0.086757418,-0.085113419,-0.086366855,-0.091594262,-0.086048903,-0.089132723,-0.090472838,-0.088320423,-0.090469462,-0.084545766,-0.088653885,-0.090612266,-0.094756288,-0.089109829,-0.088817838,-0.092161353,-0.088943772,-0.09020675,-0.086522931,-0.089398679,-0.080896307,-0.080459248,-0.081620768,-0.089830623,-0.088459736,-0.091514287,-0.088450897,-0.088994003,-0.081154672,-0.091096435,-0.094122877,-0.086075962,-0.09053002,-0.09318994,-0.089832816,-0.08900608,-0.085361855,-0.081272528,-0.090602356,-0.092715868,-0.08803274,-0.090905551,-0.088191955,-0.091379684,-0.092487058,-0.084631142,-0.081357761,-0.091035923,-0.085126477,-0.089567875,-0.088223586,-0.082040797,-0.087575935,-0.087253354,-0.090642681,-0.090409987,-0.09221343,-0.088907902,-0.085977843,-0.080179469,-0.089392291,-0.091657661,-0.089240231,-0.086636249,-0.089089179,-0.086297566,-0.086444907,-0.088516394
F,-0.114283293,-0.110759403,-0.115226679,-0.112894729,-0.116589136,-0.108510186,-0.115729325,-0.116428151,-0.110305196,-0.108235614,-0.108185053,-0.106396004,-0.113175737,-0.115077568,-0.105904227,-0.113978611,-0.113439597,-0.109219382,-0.109119482,-0.113774988,-0.113076161,-0.114789758,-0.110823191,-0.114314982,-0.116055552,-0.113537683,-0.11111263,-0.105723729,-0.114710793,-0.117107583,-0.108844777,-0.110349387,-0.105771305,-0.10846821,-0.108026168,-0.1128614,-0.107072737,-0.108854357,-0.110204669,-0.108908243,-0.110292244,-0.10457686,-0.107437711,-0.109591074,-0.114725619,-0.109894488,-0.109613213,-0.112780165,-0.111358628,-0.111665605,-0.107718747,-0.111754732,-0.102193912,-0.101788031,-0.102099485,-0.109522662,-0.108722199,-0.11102995,-0.105893405,-0.109318128,-0.100480812,-0.109724502,-0.113912962,-0.106855515,-0.109693102,-0.111955433,-0.112839324,-0.109920051,-0.104248883,-0.100941714,-0.111641512,-0.113484224,-0.109064174,-0.111932827,-0.109759872,-0.110913891,-0.11203758,-0.105436515,-0.103210663,-0.112288881,-0.107971791,-0.110544759,-0.108867009,-0.104477413,-0.106641358,-0.108718775,-0.11035614,-0.109641911,-0.112125158,-0.110591299,-0.10769515,-0.103446046,-0.109864895,-0.113131983,-0.110554508,-0.108091661,-0.110298657,-0.107472814,-0.106321106,-0.109644205
F,-0.122360095,-0.120793834,-0.124976463,-0.12322929,-0.124929474,-0.11687218,-0.1254464,-0.125552785,-0.120970377,-0.116985661,-0.115996917,-0.117397049,-0.122024006,-0.12331889,-0.117138299,-0.121568104,-0.122665008,-0.119346805,-0.117592741,-0.123838067,-0.124565663,-0.126219961,-0.121314322,-0.122837481,-0.124439619,-0.122196481,-0.120116063,-0.118517208,-0.122915439,-0.125635296,-0.117111983,-0.120523343,-0.114326441,-0.120816036,-0.117802727,-0.122686387,-0.117541786,-0.117193517,-0.119244387,-0.119018285,-0.119821046,-0.113950141,-0.115694453,-0.117349137,-0.122631522,-0.119527426,-0.119710868,-0.122143601,-0.122258238,-0.121448534,-0.118121876,-0.122838671,-0.112986959,-0.112245863,-0.112423337,-0.118436868,-0.118458157,-0.120289529,-0.113176109,-0.119111295,-0.110099681,-0.117304955,-0.121833301,-0.116408049,-0.117878851,-0.119667147,-0.123894887,-0.119629062,-0.113626406,-0.110899432,-0.120702901,-0.122474797,-0.118729514,-0.121376679,-0.121165748,-0.118429528,-0.120656723,-0.115227906,-0.114900839,-0.122112759,-0.119487396,-0.11965942,-0.1190008,-0.116400338,-0.11600128,-0.119440139,-0.119088688,-0.118252917,-0.121445736,-0.120940614,-0.119066509,-0.115719911,-0.119592032,-0.12301049,-0.120845594,-0.118300967,-0.120345333,-0.117990914,-0.114883313,-0.119970697
F,-0.11451473,-0.11392157,-0.116004039,-0.117262702,-0.115961406,-0.107876847,-0.117280323,-0.116750499,-0.113583833,-0.110224991,-0.109695904,-0.112743927,-0.114111121,-0.114994645,-0.110580434,-0.112913591,-0.113356355,-0.111446654,-0.109969951,-0.11527581,-0.118031125,-0.119166688,-0.113077898,-0.115509412,-0.116763127,-0.11488205,-0.112718842,-0.112346466,-0.11382694,-0.11659468,-0.109180928,-0.112928428,-0.108890194,-0.11405699,-0.109730757,-0.115973664,-0.111343539,-0.109649595,-0.112924717,-0.111419738,-0.115147605,-0.108098221,-0.109119306,-0.109185688,-0.113945966,-0.112910976,-0.112659789,-0.115206759,-0.114533353,-0.113294186,-0.111434625,-0.115110123,-0.106874654,-0.10729194,-0.105921908,-0.110492836,-0.112121459,-0.114161925,-0.108164131,-0.112681759,-0.104400907,-0.110914199,-0.113751832,-0.109679223,-0.111661747,-0.112206572,-0.11577879,-0.113830584,-0.108223647,-0.105910333,-0.11288075,-0.114097838,-0.111144383,-0.114484565,-0.113770677,-0.10989804,-0.112869459,-0.108183834,-0.10883524,-0.114553169,-0.112998118,-0.110294866,-0.112757633,-0.109794453,-0.109939323,-0.113272675,-0.113082583,-0.112027739,-0.114061197,-0.113898125,-0.113367538,-0.110573532,-0.111814765,-0.115858475,-0.11295945,-0.110554058,-0.111638626,-0.112369682,-0.106373795,-0.11284632
F,-0.068272931,-0.068700449,-0.071071282,-0.074741261,-0.074998189,-0.063216193,-0.071729664,-0.070806554,-0.070444697,-0.067118412,-0.066436299,-0.07508527,-0.069862499,-0.070053781,-0.0675951,-0.067324797,-0.069939395,-0.071663033,-0.067523356,-0.071533682,-0.074866295,-0.07746478,-0.073476258,-0.071654954,-0.073684143,-0.072914363,-0.069271009,-0.072360815,-0.071378815,-0.072482919,-0.063121861,-0.070863765,-0.065309925,-0.074693084,-0.068359017,-0.070289361,-0.073118654,-0.066226562,-0.068678924,-0.066764146,-0.075233426,-0.064036894,-0.063924451,-0.064412196,-0.072994171,-0.071885712,-0.070316505,-0.073808453,-0.068711597,-0.071167643,-0.06781426,-0.073875906,-0.063880179,-0.068684715,-0.066317583,-0.068191264,-0.069487397,-0.069108922,-0.065759177,-0.069967126,-0.059154129,-0.066969176,-0.073271583,-0.066986798,-0.072757552,-0.066149749,-0.072129109,-0.072903367,-0.063636369,-0.061626057,-0.072546461,-0.070177551,-0.069390047,-0.069648105,-0.074218694,-0.064498828,-0.072012776,-0.068282309,-0.069685055,-0.072263024,-0.074515415,-0.063633301,-0.074924708,-0.074509201,-0.066881564,-0.067684174,-0.068385528,-0.070154662,-0.069718099,-0.074267925,-0.068734235,-0.074671673,-0.072290137,-0.069939061,-0.069480239,-0.069292868,-0.071149787,-0.073048191,-0.06390972,-0.076070506
F,-0.086999638,-0.082650071,-0.085855968,-0.084407922,-0.088367793,-0.08062051,-0.087357846,-0.087232586,-0.08221691,-0.080304349,-0.08081828,-0.078212272,-0.084713162,-0.087568885,-0.077938049,-0.087105359,-0.08414704,-0.08136689,-0.082213922,-0.085081871,-0.08416092,-0.085496565,-0.081635085,-0.086729287,-0.088444213,-0.086193448,-0.082772355,-0.075491094,-0.085876065,-0.08826795,-0.081643081,-0.082055269,-0.078947,-0.079207872,-0.079203675,-0.085008978,-0.079090435,-0.081538529,-0.082979021,-0.082023525,-0.084295532,-0.077643691,-0.080862332,-0.082847968,-0.088392593,-0.082514877,-0.082664308,-0.085711737,-0.081799317,-0.083108835,-0.0796384,-0.081825802,-0.07479404,-0.073368056,-0.074253667,-0.082103524,-0.081330803,-0.085290653,-0.081036955,-0.081887076,-0.073639211,-0.084310031,-0.086126209,-0.079748151,-0.083117568,-0.085369708,-0.083019713,-0.081900438,-0.07796515,-0.074482562,-0.083975158,-0.085471038,-0.080949528,-0.083062687,-0.080706192,-0.083181083,-0.085156489,-0.077716695,-0.074353971,-0.08436503,-0.078581991,-0.081697396,-0.082179892,-0.075347473,-0.079775578,-0.080543812,-0.083216187,-0.08227137,-0.084686852,-0.08229709,-0.080357495,-0.074103014,-0.08194514,-0.084099163,-0.082314448,-0.079771668,-0.081189617,-0.079378977,-0.079626619,-0.081539706
F,-0.104563531,-0.101094925,-0.105099049,-0.103105604,-0.106660863,-0.098128914,-0.10606489,-0.105444078,-0.100873186,-0.097618191,-0.098102753,-0.096880567,-0.101899144,-0.105412169,-0.09717716,-0.103534177,-0.103005673,-0.099837265,-0.09946568,-0.104313935,-0.103944338,-0.105673039,-0.101265645,-0.104514939,-0.10634139,-0.103770266,-0.100950728,-0.096229081,-0.10321866,-0.106384088,-0.099511048,-0.101241858,-0.095617095,-0.100321317,-0.098459696,-0.103660251,-0.097766043,-0.098875538,-0.100186865,-0.10007841,-0.102030723,-0.09533294,-0.09732754,-0.099298505,-0.10568585,-0.101439925,-0.100996722,-0.10413464,-0.101845882,-0.102090312,-0.09845433,-0.101964487,-0.093509969,-0.092210564,-0.092598412,-0.099275343,-0.099075322,-0.102319305,-0.096363576,-0.099712113,-0.090353366,-0.100654409,-0.103702442,-0.098099593,-0.10016134,-0.101797692,-0.103490841,-0.100492342,-0.094583564,-0.091560938,-0.102715204,-0.103583776,-0.099559248,-0.101520996,-0.100078333,-0.100152629,-0.102426228,-0.096076212,-0.093900596,-0.103109959,-0.099251274,-0.100057388,-0.100762523,-0.095538692,-0.096647377,-0.099634989,-0.100439981,-0.099159159,-0.102222899,-0.101703818,-0.09981533,-0.095180646,-0.09994622,-0.102986989,-0.101136658,-0.098966464,-0.100016715,-0.098255598,-0.096920944,-0.10053201
F,-0.110114815,-0.108709186,-0.112032388,-0.111039664,-0.112742871,-0.103760493,-0.113319497,-0.111837017,-0.108819112,-0.104176207,-0.103485908,-0.105662337,-0.108211081,-0.111090204,-0.106150444,-0.108799302,-0.109584873,-0.107529793,-0.105789253,-0.111798765,-0.113108913,-0.114712796,-0.109556106,-0.110555795,-0.112555346,-0.110337803,-0.107557769,-0.106607833,-0.108857545,-0.112704803,-0.105541772,-0.109117798,-0.101960274,-0.110366019,-0.105947572,-0.110673575,-0.105920682,-0.104973664,-0.106532251,-0.107625675,-0.109345904,-0.102261159,-0.103261828,-0.104589636,-0.110982063,-0.109433668,-0.108618277,-0.111317365,-0.110229194,-0.109476691,-0.106353177,-0.110937891,-0.101638453,-0.100406513,-0.100871072,-0.105608995,-0.10628818,-0.10880094,-0.101579678,-0.107019718,-0.097220825,-0.105865545,-0.109560993,-0.105242146,-0.106374998,-0.107245792,-0.112089737,-0.107923674,-0.101696712,-0.098777404,-0.109601636,-0.109885566,-0.106885795,-0.108512135,-0.10941727,-0.105181437,-0.10860719,-0.103541091,-0.103354766,-0.110310927,-0.108586402,-0.106604964,-0.108756708,-0.105182306,-0.103953116,-0.107958798,-0.10662813,-0.105575736,-0.109235638,-0.109842517,-0.108735753,-0.105385424,-0.107123763,-0.110190732,-0.108904473,-0.107046541,-0.107696879,-0.106532564,-0.102924369,-0.108779423
F,-0.098155497,-0.098420063,-0.098677716,-0.101225845,-0.100675358,-0.090719571,-0.101485523,-0.099573559,-0.097802467,-0.094133419,-0.09393951,-0.098070961,-0.096404632,-0.098831779,-0.095715652,-0.096619733,-0.096277266,-0.096161861,-0.094542564,-0.099164121,-0.103470366,-0.104106015,-0.098130537,-0.099472134,-0.101648052,-0.099405191,-0.096875742,-0.097096116,-0.096069504,-0.100119501,-0.094209343,-0.098013196,-0.093196044,-0.10025072,-0.094609238,-0.099489866,-0.096538247,-0.094321176,-0.096183625,-0.095810943,-0.100935461,-0.09289603,-0.092979347,-0.092956862,-0.098549291,-0.100029906,-0.097762389,-0.101234409,-0.098888995,-0.097921099,-0.095600388,-0.099864509,-0.091552046,-0.092573834,-0.090942245,-0.093809369,-0.096650722,-0.098014212,-0.093743008,-0.097022015,-0.08754453,-0.096100376,-0.098139762,-0.094610804,-0.097154953,-0.096281819,-0.100086422,-0.098250308,-0.092738545,-0.089393578,-0.098691779,-0.097395219,-0.095689558,-0.097799444,-0.099168595,-0.093281123,-0.096899931,-0.093201586,-0.094217745,-0.098708344,-0.098555339,-0.093617803,-0.099139853,-0.095817412,-0.094923097,-0.098283194,-0.096691729,-0.096060179,-0.097819964,-0.099341892,-0.099188893,-0.097401257,-0.09597089,-0.099087756,-0.09719781,-0.096063565,-0.095774456,-0.097660648,-0.090595552,-0.098784263
F,-0.040791985,-0.044012259,-0.044525824,-0.047900454,-0.050104488,-0.03469088,-0.045670084,-0.042619166,-0.042803212,-0.04207112,-0.039921082,-0.048432249,-0.040485308,-0.043029625,-0.041343534,-0.040596587,-0.040670038,-0.045501357,-0.042392726,-0.043567537,-0.050275279,-0.051788893,-0.047994058,-0.046041245,-0.04855608,-0.04640197,-0.04393571,-0.046154595,-0.042894323,-0.046221826,-0.03884569,-0.045084106,-0.040526907,-0.050352327,-0.043009306,-0.041860098,-0.047261712,-0.040051381,-0.04079274,-0.039311001,-0.049170189,-0.039457862,-0.038501331,-0.038040861,-0.046526656,-0.048862764,-0.043332568,-0.049670863,-0.043178292,-0.045617105,-0.041236699,-0.04638618,-0.038234134,-0.045514914,-0.039198234,-0.041236634,-0.043283103,-0.0413005,-0.042566241,-0.043142919,-0.03241226,-0.042102984,-0.048662026,-0.041120214,-0.049716904,-0.0404881,-0.044652013,-0.045031529,-0.039043573,-0.034212535,-0.048955143,-0.042220262,-0.044136003,-0.042865552,-0.049235821,-0.037947952,-0.043817168,-0.045020496,-0.046315283,-0.043976705,-0.051139224,-0.037412121,-0.050180795,-0.050298936,-0.041932239,-0.043560025,-0.041592273,-0.043780193,-0.041687906,-0.048215739,-0.043211323,-0.051524399,-0.042290809,-0.043271506,-0.041305945,-0.044928395,-0.044722791,-0.047908201,-0.037392637,-0.05187405
G,0.008160304,0.010332972,0.010244455,0.011243649,0.007808503,0.008766646,0.009275995,0.009098542,0.010748812,0.009516141,0.006588078,0.011127825,0.009783287,0.008248048,0.010769449,0.007258844,0.00957961,0.011008279,0.008509644,0.01011653,0.011499421,0.011485844,0.010170257,0.009472595,0.00763685,0.009504067,0.009427092,0.01331684,0.009008031,0.008111675,0.007166273,0.010450223,0.008265389,0.010984651,0.009847558,0.009793498,0.010139779,0.008028827,0.009404609,0.009855854,0.007786941,0.008942157,0.008109187,0.008170251,0.008388894,0.008027049,0.010907168,0.009323007,0.010033436,0.009303806,0.010990659,0.011377379,0.009938167,0.010739844,0.010390465,0.008595208,0.009043384,0.007803044,0.007566699,0.009398228,0.010535009,0.006421714,0.008586363,0.009227855,0.007695363,0.007706621,0.010202869,0.008927109,0.008619397,0.011081489,0.009156948,0.009347442,0.010506049,0.009909027,0.011558235,0.008324976,0.007837343,0.010467326,0.011487752,0.009544732,0.010726739,0.009018398,0.008840611,0.011083674,0.00884116,0.010138143,0.00896904,0.009191387,0.009480018,0.00897167,0.010658855,0.012186977,0.011088688,0.010036725,0.011331048,0.010275415,0.01096114,0.009386564,0.007904227,0.0098499
G,0.004140259,0.009151548,0.00046954,0.001562408,0.00234673,0.005772003,0.001700703,0.002995094,0.007999976,0.006354852,-0.003312069,0.009956179,0.004898849,0.000577378,0.010637115,0.003755842,0.009042264,0.006066761,0.004847048,0.002416462,0.011185463,0.008810901,0.007643702,0.007739435,0.005737548,0.009163061,0.009261168,0.003763492,0.007718924,-0.001362385,0.005546463,0.003338666,0.007215816,0.007484702,0.000932259,0.009649718,0.010100254,0.001023975,0.004870564,0.009740155,0.006040113,0.006340114,0.000415522,0.00804056,0.005895409,-0.00037955,0.007961488,0.000881684,0.004346193,0.003794566,0.003546728,0.004499095,0.002362461,0.001908522,0.001186667,0.004264056,-0.000318965,0.007440821,0.002864622,0.009218651,0.00723596,-0.001746698,0.007185733,-0.000529685,0.004452571,0.001722789,0.003797499,-0.000137313,0.005115992,0.010173296,0.008280835,0.00686405,0.002814952,0.005252214,0.002535799,-0.000702269,0.004015346,0.001400697,0.003359303,0.001277977,0.001971253,0.00584518,0.002496256,0.003807399,0.000721205,0.005671468,0.008536822,-0.000214239,0.005268818,0.003457422,0.005167797,0.003087442,0.002857692,0.004859223,0.001889363,0.00775452,0.003971176,0.007274195,0.007643041,0.00743455
G,-0.00822995,-0.008062557,-0.007859726,-0.006734825,-0.008041405,-0.0080778,-0.008828556,-0.008360634,-0.007503101,-0.007660399,-0.010402571,-0.006559173,-0.006805418,-0.008252067,-0.007540848,-0.008361831,-0.007091841,-0.005786456,-0.007311286,-0.007772306,-0.007370567,-0.006902139,-0.007637413,-0.007488672,-0.008820516,-0.006248868,-0.007863523,-0.006205309,-0.007394865,-0.008850023,-0.010360183,-0.007333284,-0.008934554,-0.007508374,-0.007542416,-0.007636336,-0.006846023,-0.008524325,-0.007302249,-0.007597734,-0.008837544,-0.008820131,-0.008485964,-0.008252244,-0.007645253,-0.008753012,-0.006995674,-0.00719412,-0.009067161,-0.008410927,-0.007503346,-0.006794731,-0.00872373,-0.007383178,-0.006208174,-0.008644891,-0.008653987,-0.008868367,-0.007896277,-0.00800878,-0.007685764,-0.009517251,-0.007416509,-0.008203421,-0.00864557,-0.008251319,-0.007886479,-0.008768675,-0.00847677,-0.006530077,-0.007490443,-0.00731783,-0.007223872,-0.007606819,-0.006326366,-0.007941085,-0.008268249,-0.006984191,-0.00767861,-0.007686269,-0.008041975,-0.008842573,-0.008413036,-0.007980883,-0.008407903,-0.008718332,-0.00839956,-0.007174565,-0.007217296,-0.008797351,-0.008039568,-0.007010652,-0.005067682,-0.00821557,-0.006614363,-0.007092916,-0.00610945,-0.008425511,-0.008544488,-0.007017984
G,-0.023079835,-0.023800123,-0.022406079,-0.022284186,-0.021196066,-0.021825789,-0.023631381,-0.023029756,-0.021609782,-0.024019288,-0.027188588,-0.020694537,-0.020198589,-0.022515169,-0.021868813,-0.021977968,-0.019921128,-0.017711423,-0.020280797,-0.021698971,-0.021073171,-0.020146965,-0.020146813,-0.022927056,-0.023214407,-0.019265771,-0.022595104,-0.01938647,-0.020466499,-0.02302233,-0.026564014,-0.021051269,-0.025498715,-0.019663576,-0.020830747,-0.022387973,-0.0203217,-0.023104383,-0.02197402,-0.021007179,-0.02427399,-0.025262807,-0.023827016,-0.022852948,-0.021727334,-0.022834905,-0.021554495,-0.020998561,-0.024121174,-0.022128716,-0.022968949,-0.019493699,-0.024010512,-0.023481097,-0.018402302,-0.023251429,-0.024141451,-0.023576503,-0.024539659,-0.022269806,-0.024466075,-0.025231128,-0.021341425,-0.023071273,-0.023927109,-0.023285016,-0.020825219,-0.023863591,-0.023909718,-0.021627604,-0.021808468,-0.021078829,-0.021716657,-0.023167288,-0.018483859,-0.022584504,-0.021312253,-0.020655159,-0.022579918,-0.021465264,-0.02245698,-0.023010137,-0.022553192,-0.021243217,-0.023840957,-0.024615224,-0.024536862,-0.022096227,-0.021059384,-0.022411069,-0.023132984,-0.021343556,-0.016595515,-0.024054808,-0.019996985,-0.019800196,-0.018057158,-0.023255639,-0.021565006,-0.019110876
G,-0.048170202,-0.04795125,-0.049022641,-0.049430248,-0.051278382,-0.046137519,-0.049618581,-0.052230601,-0.046881895,-0.049350651,-0.050025898,-0.046907299,-0.047062031,-0.048492889,-0.048121908,-0.048230009,-0.04910752,-0.045373766,-0.044400301,-0.050167941,-0.046506677,-0.048117185,-0.048409732,-0.049738628,-0.049720279,-0.047850382,-0.047900041,-0.046270598,-0.049357007,-0.051969123,-0.049780952,-0.047372853,-0.047129191,-0.047903384,-0.048425061,-0.047873873,-0.048828513,-0.048122301,-0.046524129,-0.04752722,-0.050601106,-0.048491927,-0.046193906,-0.048353927,-0.049928171,-0.050338081,-0.045895126,-0.048739665,-0.049386266,-0.04895037,-0.049596608,-0.04781407,-0.045165284,-0.048110202,-0.044433038,-0.050334045,-0.050137042,-0.047219713,-0.046702239,-0.047385669,-0.04587249,-0.04801405,-0.049240959,-0.048415706,-0.049156388,-0.047159199,-0.048092105,-0.049393968,-0.046050821,-0.043134832,-0.050139594,-0.047789345,-0.048347073,-0.050016376,-0.046061794,-0.048130675,-0.049588995,-0.04684701,-0.04882779,-0.048442498,-0.049191723,-0.047723843,-0.049239679,-0.048137753,-0.04796602,-0.048820364,-0.047194972,-0.046775052,-0.048969685,-0.048856779,-0.048059654,-0.047755561,-0.044688093,-0.050903963,-0.04629068,-0.045743303,-0.046275021,-0.049097742,-0.046826383,-0.04800413
G,0.008834407,0.010967543,0.011151892,0.011683425,0.008242387,0.009638457,0.010106565,0.010038844,0.011098021,0.010582847,0.007077414,0.012058669,0.0108943,0.008357547,0.011154451,0.008197324,0.010544827,0.01181776,0.009075112,0.010393057,0.012076339,0.012237751,0.010790252,0.010225882,0.008094942,0.010196148,0.010460316,0.014252617,0.01024958,0.008844007,0.007469863,0.01064707,0.00910634,0.01051677,0.010585309,0.010515899,0.010684444,0.00912898,0.010514446,0.010087238,0.008067306,0.0097036,0.009143704,0.00920433,0.008527603,0.008200315,0.01135119,0.009330236,0.010452559,0.009918903,0.011526563,0.012677128,0.010048506,0.011433888,0.011406644,0.009339582,0.00951157,0.007535383,0.008370082,0.01017118,0.011563627,0.00662581,0.009847143,0.00964989,0.008333063,0.008441871,0.010729153,0.00968332,0.009605698,0.011525858,0.009374131,0.010101124,0.011534016,0.010600808,0.012380124,0.009446971,0.008635139,0.011272888,0.012288916,0.009695536,0.011314184,0.009452089,0.008808199,0.01227112,0.009606173,0.010467235,0.010060555,0.010416954,0.010185893,0.009295426,0.010518158,0.013058225,0.012206015,0.010636608,0.012262087,0.010977731,0.012017419,0.009814142,0.008317375,0.010334863
G,-0.03069812,-0.028960186,-0.028184612,-0.030286526,-0.026611116,-0.022448808,-0.025992198,-0.024904204,-0.028981581,-0.031489912,-0.0280265,-0.026550185,-0.025107135,-0.029464424,-0.027058557,-0.02262371,-0.01990828,-0.022906694,-0.022253992,-0.025879385,-0.021158354,-0.020634094,-0.019864675,-0.031067835,-0.027000763,-0.02529737,-0.022867668,-0.020665317,-0.019251222,-0.030768206,-0.030084002,-0.029096069,-0.033045526,-0.026803855,-0.02897556,-0.021150341,-0.027115203,-0.027579804,-0.028586501,-0.020112904,-0.02819482,-0.03345911,-0.026681103,-0.023769292,-0.022869469,-0.032024556,-0.023565337,-0.027489835,-0.023104791,-0.022863038,-0.022050516,-0.026206467,-0.025436253,-0.023757766,-0.017632011,-0.022110613,-0.02724152,-0.031513453,-0.027948822,-0.028386061,-0.028525212,-0.025113581,-0.024265637,-0.022583827,-0.028798146,-0.031152148,-0.024709442,-0.02547078,-0.028580608,-0.021427017,-0.023160944,-0.027461084,-0.026221199,-0.024202491,-0.022660399,-0.02449846,-0.022825756,-0.020300949,-0.026886283,-0.023033218,-0.025983039,-0.022520929,-0.030331819,-0.025909556,-0.025977133,-0.024042844,-0.030068933,-0.024718683,-0.021324048,-0.025218725,-0.025785665,-0.023151562,-0.015550091,-0.032393459,-0.021777923,-0.023511831,-0.021139526,-0.024726326,-0.026937026,-0.01885274
G,-0.006973226,-0.006838812,-0.006362277,-0.005666114,-0.007009811,-0.006365907,-0.007352839,-0.006840018,-0.006398529,-0.006333625,-0.009197702,-0.005062722,-0.005197014,-0.007469111,-0.006582568,-0.00697048,-0.005587565,-0.004298612,-0.006255717,-0.006862795,-0.006181206,-0.005482277,-0.006490914,-0.0062783,-0.007945915,-0.005125822,-0.006177846,-0.004666097,-0.005688572,-0.00756878,-0.00929846,-0.006582667,-0.00767361,-0.007082262,-0.00623225,-0.006205906,-0.005789806,-0.006880534,-0.005546729,-0.006589499,-0.008040206,-0.007470172,-0.00698621,-0.006766536,-0.006969554,-0.008225583,-0.006103466,-0.00663612,-0.007979437,-0.007182682,-0.006249668,-0.005088933,-0.007835715,-0.006007279,-0.004724842,-0.007395507,-0.007527651,-0.008387979,-0.006684805,-0.006531923,-0.006139614,-0.008700304,-0.005770161,-0.00711128,-0.007601065,-0.007039124,-0.00668068,-0.007435602,-0.007050432,-0.005378594,-0.006679462,-0.005994724,-0.005724331,-0.00641284,-0.004923773,-0.006333315,-0.006881869,-0.005573989,-0.006311344,-0.006796627,-0.006850632,-0.007605736,-0.007870641,-0.00629682,-0.007171815,-0.007675419,-0.006914151,-0.005418366,-0.006000258,-0.007918249,-0.007614704,-0.005470012,-0.003381538,-0.006908513,-0.005229639,-0.00581809,-0.004594764,-0.007426152,-0.007512368,-0.006140793
G,-0.021439984,-0.022322099,-0.020817757,-0.021299404,-0.020340356,-0.019546752,-0.021888723,-0.022009206,-0.020408712,-0.023019949,-0.025549491,-0.019596186,-0.018506349,-0.021478158,-0.020772325,-0.020360312,-0.018607212,-0.016191348,-0.018936616,-0.020320014,-0.019850086,-0.018617687,-0.018990634,-0.021819341,-0.022328609,-0.018142271,-0.0208693,-0.017852302,-0.018826759,-0.021474542,-0.025102732,-0.020039684,-0.02420344,-0.01918413,-0.019652703,-0.020667074,-0.019671564,-0.021354665,-0.020002719,-0.019748342,-0.023329685,-0.02379219,-0.022231969,-0.02155216,-0.021084309,-0.022287749,-0.020308566,-0.020783597,-0.022999985,-0.020687475,-0.02143158,-0.017846447,-0.022810995,-0.022166808,-0.017028949,-0.02185484,-0.023090588,-0.022539525,-0.023400226,-0.020906223,-0.023071825,-0.024275442,-0.019679228,-0.021621348,-0.022586598,-0.022039909,-0.019274637,-0.02198416,-0.022443985,-0.020017923,-0.021290872,-0.019834973,-0.019794484,-0.022084893,-0.017094814,-0.021075087,-0.020131702,-0.019144631,-0.0212267,-0.020304171,-0.020942184,-0.021271964,-0.021757091,-0.019790849,-0.022711109,-0.023464767,-0.023116193,-0.020263433,-0.019751458,-0.021203792,-0.022824551,-0.019795737,-0.014898121,-0.022852693,-0.018745225,-0.018491877,-0.016840133,-0.022134336,-0.020450833,-0.018669017
G,-0.040875482,-0.040656058,-0.041574683,-0.043233838,-0.045732855,-0.0372517,-0.04211999,-0.044953682,-0.039715998,-0.041694984,-0.04249284,-0.041618982,-0.038971453,-0.041291538,-0.040246012,-0.040494353,-0.040704561,-0.038570828,-0.036818098,-0.042756192,-0.040594311,-0.041273301,-0.042404385,-0.043415491,-0.043258639,-0.041110073,-0.039766004,-0.039623347,-0.041956922,-0.043802499,-0.041622864,-0.041215154,-0.040983441,-0.042620239,-0.040944873,-0.040785191,-0.043882662,-0.039728305,-0.039094789,-0.040097835,-0.044325681,-0.04106665,-0.038336,-0.040814101,-0.042929518,-0.043502609,-0.038977577,-0.043535054,-0.042509498,-0.042707761,-0.042444274,-0.040253096,-0.037276984,-0.042330175,-0.03630212,-0.042973817,-0.042858014,-0.039842324,-0.04056864,-0.040563169,-0.037603973,-0.041361602,-0.043115165,-0.041094422,-0.042889376,-0.039367251,-0.040814136,-0.041280864,-0.039144491,-0.034627204,-0.043956449,-0.040425656,-0.041984154,-0.043070966,-0.03972463,-0.040761689,-0.04294774,-0.040328158,-0.043415512,-0.041721046,-0.043893623,-0.03863994,-0.043860672,-0.042372195,-0.04034021,-0.041912309,-0.040308365,-0.039369112,-0.040969543,-0.042796507,-0.041587166,-0.042260538,-0.037436834,-0.043233187,-0.038421535,-0.038226852,-0.039678512,-0.044196401,-0.038814498,-0.042699185
G,0.011904684,0.014064994,0.014514439,0.014136144,0.011131098,0.013153602,0.013547958,0.013547783,0.01394724,0.014616507,0.01033223,0.015676267,0.014931512,0.010648469,0.013922677,0.011792589,0.014332677,0.015028216,0.012103336,0.012780031,0.014625938,0.015183946,0.013884737,0.013231296,0.0107837,0.013114879,0.014019265,0.01787651,0.014079486,0.011715631,0.009826479,0.012900948,0.012293412,0.011920664,0.014108636,0.013686163,0.013673087,0.012872313,0.014345275,0.012638533,0.010652433,0.013012227,0.012919322,0.012923307,0.010439916,0.010497536,0.014025667,0.011071274,0.013147963,0.012862285,0.014662008,0.016671718,0.012294735,0.014354979,0.01500857,0.012819754,0.012438596,0.00976139,0.011529992,0.013485779,0.015324531,0.009025786,0.013654909,0.012250246,0.011518239,0.011892925,0.013646463,0.01331964,0.013343002,0.014304856,0.01178588,0.013031532,0.015169594,0.013654741,0.015550514,0.013016338,0.01199068,0.014307687,0.015340469,0.011884255,0.014322658,0.012320513,0.010664012,0.01587553,0.012864921,0.013061074,0.013835674,0.014322334,0.013447333,0.0120441,0.012205206,0.016438644,0.015915879,0.013680776,0.015685993,0.014020766,0.015817468,0.012793177,0.01132049,0.01284745
G,-0.010182663,-0.012302777,-0.008455938,-0.003821518,-0.010608365,-0.004126963,-0.004795256,-0.009008841,-0.007637732,-0.00842946,-0.007592598,-0.007751546,-0.002403704,-0.010846326,-0.012376503,-0.0087327,-0.001302457,-0.001183852,-0.002405556,-0.009112374,-0.009280163,-0.01021367,-0.01117177,-0.009542162,-0.010375927,-0.005188126,-0.009769458,-0.009746395,-0.007348639,-0.005662515,-0.01255951,-0.006815669,-0.005704276,-0.011109123,-0.00762243,-0.006163253,-0.007144004,-0.003311306,-0.001888644,-0.009083328,-0.013289364,-0.010848818,-0.008253398,-0.012159717,-0.012018724,-0.008239494,-0.005393169,-0.009144851,-0.004118362,-0.004197831,-0.007212926,-0.00538181,-0.013700798,-0.01034814,-0.002538557,-0.008346134,-0.007955743,-0.014823254,-0.010578437,-0.008633757,-0.007657092,-0.009906908,-0.009401763,-0.004580947,-0.010845697,-0.006768198,-0.005147637,-0.009806647,-0.007536203,-0.009412903,-0.009773428,-0.00612923,-0.002081261,-0.003261961,-0.001320268,-0.00202221,-0.00695691,-0.005623555,-0.01109107,-0.008960315,-0.012139706,-0.005925636,-0.012750164,-0.00565499,-0.007770062,-0.008519777,-0.006040298,-0.001554741,-0.00276953,-0.013264035,-0.008375076,-0.009291678,-0.004239587,-0.007384402,-0.003187128,-0.002370068,-0.009801522,-0.011357467,-0.006281892,-0.00974563
G,-0.002780714,-0.002688131,-0.001994659,-0.002219323,-0.003269899,-0.001553293,-0.002744578,-0.002411,-0.002324281,-0.001768641,-0.004817977,-0.00051525,-0.000389846,-0.004083816,-0.002840917,-0.002577879,-0.000967834,-9.03531E-06,-0.002297833,-0.003328171,-0.002610838,-0.001366807,-0.002560714,-0.002348059,-0.004523229,-0.001360018,-0.001566027,5.84038E-05,-0.000935012,-0.003699158,-0.005710953,-0.003219047,-0.003626189,-0.004494367,-0.001860288,-0.001891639,-0.001983536,-0.002172445,-0.000597035,-0.002877768,-0.004633379,-0.003192544,-0.00243665,-0.00228761,-0.00399694,-0.005315102,-0.002464805,-0.004044804,-0.004065826,-0.00319429,-0.001953395,-0.000242743,-0.004367215,-0.002063239,-0.000238278,-0.003046296,-0.003508028,-0.005066071,-0.002818483,-0.002090214,-0.001482484,-0.005377548,-0.001305151,-0.003295704,-0.003660344,-0.00282849,-0.002751507,-0.002731287,-0.002465867,-0.001334489,-0.003324023,-0.002084718,-0.001181623,-0.00248045,-0.000752976,-0.001879656,-0.002505849,-0.00149358,-0.002338981,-0.003407368,-0.002758816,-0.003555589,-0.004948219,-0.001693212,-0.003079136,-0.003935553,-0.002303859,-0.000616213,-0.001948866,-0.004256792,-0.00489215,-0.001039021,0.001321244,-0.00276909,-0.000925823,-0.001870965,-5.05479E-05,-0.003515343,-0.003455956,-0.002915017
G,-0.016292579,-0.017543407,-0.01583598,-0.017299012,-0.016462548,-0.01373047,-0.016663423,-0.017746321,-0.015629659,-0.018225338,-0.020173575,-0.015116251,-0.013392426,-0.017217281,-0.016189525,-0.01526931,-0.01363759,-0.011548981,-0.014025404,-0.015750925,-0.01610468,-0.014038403,-0.014764389,-0.017502876,-0.018195251,-0.01374276,-0.015837378,-0.012721409,-0.013721929,-0.016885632,-0.020504533,-0.015725481,-0.019498584,-0.016128527,-0.015031931,-0.015723789,-0.015797566,-0.015935702,-0.014325048,-0.015399339,-0.019272984,-0.018771327,-0.017253194,-0.016922327,-0.017431958,-0.018878548,-0.015607253,-0.018091159,-0.018745882,-0.016221686,-0.016243255,-0.012625051,-0.018148513,-0.017950816,-0.012301834,-0.016810647,-0.018478248,-0.017986684,-0.019157286,-0.01603255,-0.017897719,-0.020054872,-0.014776473,-0.016887228,-0.017963156,-0.017136779,-0.014666809,-0.016388495,-0.017453314,-0.014479475,-0.017701857,-0.015479787,-0.014298135,-0.017669674,-0.012744053,-0.016340007,-0.015541704,-0.014585122,-0.016915682,-0.015897464,-0.016039158,-0.016159393,-0.017986683,-0.015175211,-0.018228893,-0.019314003,-0.017968057,-0.014880101,-0.015250194,-0.016819026,-0.019622768,-0.015112754,-0.009877193,-0.017957848,-0.014071489,-0.014098372,-0.012467994,-0.017681949,-0.015633134,-0.015611284
G,-0.026401657,-0.026240397,-0.027871491,-0.03027263,-0.032705312,-0.020917723,-0.026847448,-0.028696638,-0.024817239,-0.027860545,-0.027563941,-0.028922605,-0.023201257,-0.026793736,-0.025210341,-0.025599228,-0.024936403,-0.024585137,-0.023779206,-0.028079597,-0.028871729,-0.027709774,-0.029072602,-0.030973862,-0.029482681,-0.027495886,-0.024907488,-0.026474528,-0.027283724,-0.028936939,-0.027017221,-0.026586449,-0.02873512,-0.029997306,-0.026415133,-0.025060846,-0.030882681,-0.023851507,-0.023206682,-0.025373601,-0.03041545,-0.02542858,-0.024169049,-0.023921854,-0.029204425,-0.029880684,-0.024566218,-0.031291953,-0.028372918,-0.028991398,-0.028121115,-0.02549888,-0.023047165,-0.029380202,-0.019835821,-0.027675334,-0.028704922,-0.024540265,-0.027424236,-0.025071945,-0.021529917,-0.027232971,-0.030009673,-0.026005138,-0.030179141,-0.024442539,-0.025704274,-0.026224858,-0.024492105,-0.018672903,-0.030816509,-0.025748476,-0.028493616,-0.029322413,-0.027800617,-0.024944432,-0.028796666,-0.027233579,-0.030866089,-0.026662048,-0.032717201,-0.022627711,-0.031603565,-0.030121791,-0.025897608,-0.026846011,-0.024982272,-0.025294865,-0.024384739,-0.029044558,-0.028234013,-0.029832937,-0.021692822,-0.02773056,-0.02363081,-0.024085252,-0.025784597,-0.031362919,-0.02376907,-0.030869446
G,-0.007104303,-0.00330849,-0.005297321,-0.006824096,-0.008065199,0.003403382,-0.004756449,-0.007956209,-0.005634641,-0.011048236,-0.012235803,-0.006119933,-0.001231731,-0.004904487,-0.004319657,-0.005971958,-0.001010284,-0.000605593,-0.00391905,-0.006491594,-0.008413997,-0.008402071,-0.007462578,-0.005821183,-0.012980826,-0.003023561,-0.003469024,0.002476447,0.000625024,-0.004438394,-0.008814147,-0.004052149,-0.011038445,-0.010774094,-0.00010281,-0.008947523,-0.004588383,-0.001579482,-4.23377E-05,-0.005457361,-0.01159021,-0.007984219,-0.003324461,-0.001528542,-0.012518292,-0.010333758,-0.008281197,-0.015604202,-0.010478532,-0.006730612,-0.00833873,-0.001777769,-0.010441977,-0.011364891,-0.005854059,-0.006288509,-0.01058559,-0.0074078,-0.006219999,-0.00934032,-0.00277814,-0.011515676,-0.002286682,-0.007131148,-0.006505016,-0.00967261,-0.001823035,-0.003748599,-0.00468025,-0.003507542,-0.010306154,-0.005384202,-0.006615854,-0.003901835,-0.007658991,-0.001108748,-0.008081241,-0.006930157,-0.008401543,-0.00343627,-0.007820182,-0.001315522,-0.005654729,-0.001169132,-0.009871429,-0.005725012,-0.005560907,-0.000345971,-0.003082483,-0.006050091,-0.006441635,-0.009507767,0.000309587,-0.011484268,-0.002393306,-0.007995853,0.000907398,-0.004441215,0.000311501,-0.002912973
G,0.023361382,0.025294499,0.026188107,0.024233386,0.022132354,0.025921804,0.025719506,0.025919109,0.025643326,0.027644843,0.022613243,0.028856674,0.028461839,0.021055715,0.025283239,0.024252757,0.027314603,0.025905899,0.023330589,0.023425191,0.024846238,0.025650816,0.025150349,0.024281318,0.02110668,0.023961543,0.026029416,0.030297265,0.026385913,0.022318763,0.019665398,0.023488115,0.023960652,0.02088374,0.026756503,0.025351783,0.025205023,0.025192734,0.026715324,0.022836995,0.020847308,0.024544481,0.025653618,0.025288466,0.019758743,0.020481641,0.025252054,0.019905591,0.023977588,0.024215525,0.026233019,0.029588554,0.022405997,0.025565058,0.027407075,0.025644523,0.024274821,0.020776616,0.022867608,0.025627566,0.028413899,0.019720824,0.025373494,0.022646398,0.023118067,0.024356522,0.024977789,0.025761347,0.025346486,0.025998926,0.022212082,0.024167466,0.026952708,0.024837571,0.026331411,0.025049611,0.023644298,0.025096452,0.026364004,0.022093408,0.025732121,0.023737514,0.020479274,0.027437543,0.024527424,0.024102218,0.026723549,0.026876399,0.025002936,0.023025748,0.021803027,0.027885046,0.028647684,0.025523719,0.02744458,0.024986856,0.028281013,0.024549757,0.023008543,0.02313609
G,0.010632334,0.010356807,0.011456301,0.00969399,0.009144306,0.013397284,0.01127166,0.01150335,0.011417976,0.012586856,0.009305248,0.014212332,0.014581421,0.007972185,0.010024973,0.011254101,0.013579211,0.012746963,0.010679647,0.009080451,0.009330944,0.010975799,0.01037638,0.010413691,0.007325959,0.010886476,0.012195337,0.014488049,0.012763609,0.008696501,0.006139237,0.009373526,0.009637396,0.006276816,0.012221894,0.01162846,0.01099496,0.012125665,0.013707014,0.009230101,0.007037857,0.009940425,0.011698413,0.011701482,0.00713632,0.005878466,0.010716166,0.006241201,0.008896864,0.009914492,0.011299855,0.014345363,0.007966074,0.010625365,0.013748299,0.011412552,0.010070076,0.007659084,0.009758555,0.012007666,0.01327186,0.007012597,0.011697196,0.008896268,0.009399712,0.01110891,0.010278432,0.011759809,0.011050459,0.012637114,0.008640815,0.010591665,0.012428347,0.010077318,0.011796612,0.011731741,0.01103285,0.011039709,0.010346517,0.008869617,0.010257951,0.009685607,0.006575072,0.011712971,0.010011212,0.009025294,0.012390835,0.013427618,0.011028702,0.008363967,0.006478832,0.012352123,0.015723395,0.011006311,0.012523851,0.010657001,0.013938668,0.009953783,0.010183915,0.008644472
G,-0.000235324,-0.002301089,-0.000343353,-0.0028399,-0.002836381,0.003944828,-0.000710146,-0.002477838,0.000561848,-0.002107651,-0.003832027,0.000762549,0.003216578,-0.002324075,-0.000788514,0.00036525,0.002996736,0.00314677,0.000903898,-0.00106428,-0.003093284,0.00011737,-1.31221E-05,-0.002956619,-0.004083417,0.000436895,6.80082E-05,0.003500534,0.00181543,-0.002675267,-0.006012919,-0.000558335,-0.004499005,-0.003480466,0.000558022,0.000431563,-0.001138927,0.00088279,0.002519377,-0.000819211,-0.005584586,-0.002955406,-0.001457512,-0.000739359,-0.003935414,-0.005787138,0.000261921,-0.006119788,-0.003473902,-0.00134776,-0.000911794,0.003641405,-0.002682838,-0.00333225,0.003655027,-0.000136507,-0.00283112,-0.002364015,-0.00450992,-9.64603E-06,-0.000537992,-0.005267208,-0.000240659,-0.002346975,-0.003105467,-0.00125025,0.000634347,0.000186223,-0.002237995,0.003054021,-0.003717257,-0.000519033,0.001567966,-0.003487097,0.000944551,-0.000550803,-2.06082E-05,-0.000327856,-0.002198523,-0.000236625,-0.00153676,-0.000375661,-0.004320358,-0.000404809,-0.003322917,-0.004031154,-0.000722317,0.000911098,-0.000250677,-0.001822908,-0.005655547,-0.000358732,0.006528493,-0.001689872,0.00162718,0.000284088,0.002860397,-0.002820157,0.000761539,-0.002565215
G,0.005238996,0.003481059,0.001993726,-0.001646759,-0.004608536,0.012146929,0.004309534,0.005230969,0.009245827,0.000720135,0.004597232,0.002263809,0.010973942,0.005075311,0.004197173,0.005375895,0.007111221,0.005144174,0.004023065,0.004937092,-0.00111415,0.002175951,0.001501391,-0.001042465,-0.000998782,0.00266153,0.004738577,0.001839377,0.004588039,0.000615946,0.002241379,0.005160608,1.36738E-05,-0.000280047,0.005009531,0.009897794,0.000975622,0.007778616,0.010797293,0.005848775,3.09672E-05,0.006565985,0.007394188,0.010642141,0.000914265,-0.002392968,0.009163053,-0.003568582,0.001616023,0.002203492,0.0040035,0.005506515,0.006406604,-0.001659636,0.012740088,0.0056546,0.00196737,0.007953208,0.001746525,0.008747269,0.011542874,0.002700519,-0.000287734,0.004819315,-0.003025585,0.008240006,0.006986894,0.00641502,0.005201538,0.013339805,-0.003535884,0.006258521,0.003022513,0.001277258,-0.000238519,0.008642314,0.003131287,0.00021862,-0.001360056,0.0064433,-0.006228073,0.009098101,-0.001745132,-0.001126499,0.003634762,0.004974311,0.008021011,0.0048007,0.009892083,0.003609325,0.001409036,-0.000941531,0.013113324,0.004413398,0.007737097,0.003303912,0.0064658,0.00031521,0.007317366,-0.003697612
